Date,yield_hat_6M,yield_hat_9M,yield_hat_1Y,yield_hat_2Y,yield_hat_5Y,yield_hat_10Y,yield_hat_20Y,yield_hat_30Y
2016-05-19,0.006290672905093592,0.0070007073939683424,0.007710227521865808,0.008662799871880763,0.01127289029506459,0.014854023933647983,0.018787548734887652,0.018987691950031513
2016-05-20,0.006293758091359544,0.007003898871952361,0.00771352491591499,0.008665852084374235,0.011275278584894226,0.014855706105616902,0.018788638817157463,0.018988557646555243
2016-05-24,0.006307310424826582,0.007017917901930664,0.007728008993548092,0.008679258628862142,0.01128576867739887,0.014863094968569334,0.018793427206213437,0.018992360574049117
2016-05-25,0.006365698290693503,0.007078312491266966,0.007790403226365471,0.008737000784048408,0.011330945226244834,0.014894920520982392,0.018814056624488863,0.019008748035621578
2016-05-26,0.006369773917495004,0.007082527952749914,0.007794758029772286,0.008741030271269013,0.011334097565799972,0.014897141538777777,0.018815496580619318,0.019009892118296345
2016-05-27,0.006318328042946972,0.007029314674570895,0.007739783581775017,0.008690156590841103,0.011294295618767575,0.01486910135993282,0.018797319981366224,0.018995452440653968
2016-05-30,0.006434093961215224,0.007149050668308508,0.007863475665620108,0.008804603704808426,0.011383827567910218,0.0149321843606926,0.01883822089264129,0.019027950976642734
2016-05-31,0.006385084464528438,0.007098363524585371,0.0078111167769952805,0.008756166245092437,0.011345938395391405,0.014905484469079678,0.018820905899717362,0.019014190219648053
2016-06-01,0.00618575401492405,0.006892163141433693,0.007598070746127287,0.00855895487650482,0.01119162195708676,0.014796796019486375,0.0187504765629425,0.018958260595780877
2016-06-02,0.0060849818274515115,0.0067878893809992175,0.007490307861817429,0.008459127408352618,0.011113475985813491,0.014741790135277759,0.018714867024749303,0.01893000827743222
2016-06-03,0.006034580585048267,0.006735729666712525,0.007436395945160559,0.00840916681850695,0.011074358351738834,0.01471426431468624,0.018697055959846838,0.01891588368137239
2016-06-06,0.006089613382393601,0.006792682288972009,0.007495261548133578,0.008463717405082751,0.011117069548408671,0.014744319095298261,0.018716503717274707,0.018931306432638566
2016-06-07,0.006145075138539017,0.006850073077129685,0.007554574505414261,0.008518667579261632,0.011160087203370821,0.014774596392116908,0.01873610230408696,0.018946854070571634
2016-06-08,0.006091818854766229,0.006794964580910973,0.0074976203860672355,0.00846590302507907,0.011118780680328306,0.014745523316695847,0.018717283082207718,0.018931924604878008
2016-06-09,0.006093583218737791,0.006796790393470224,0.007499507428398206,0.008467651478000469,0.011120149544817614,0.01474648667278116,0.01871790656836624,0.018932419144106573
2016-06-10,0.006096340012660886,0.006799643188238643,0.007502455882185564,0.008470383359036425,0.011122288322539513,0.014747991879236387,0.0187188807551893,0.018933191864208377
2016-06-13,0.006208791433369779,0.006915998368806304,0.007622700952599752,0.008581764392903948,0.011209474496370152,0.01480936538106105,0.01875861686696193,0.018964721503578003
2016-06-14,0.006206697209884645,0.006913831661518186,0.007620462018506549,0.00857969107047472,0.011207851795506107,0.01480822284364685,0.018757876875598586,0.01896413413931746
2016-06-15,0.00609303185632647,0.006796219829049895,0.007498917730344912,0.008467105090575659,0.011119721778584068,0.014746185626012837,0.018717711729494366,0.018932264600460432
2016-06-16,0.006087959265420667,0.006790970550884526,0.007493492394147957,0.008462078150823844,0.011115786162056857,0.014743415910079594,0.01871591918829953,0.018930842804768762
2016-06-17,0.006087518165723689,0.006790514084624765,0.007493020616055243,0.008461641010671211,0.01111544392028053,0.014743175057912793,0.018715763313142467,0.018930719170859752
2016-06-20,0.006089613382393601,0.006792682288972009,0.007495261548133578,0.008463717405082751,0.011117069548408671,0.014744319095298261,0.018716503717274707,0.018931306432638566
2016-06-21,0.006199201951216458,0.006906076914566735,0.0076124487034784,0.008572270316199861,0.011202043812938236,0.01480413354635107,0.018755228426009657,0.018962032008302175
2016-06-22,0.006201626912312558,0.006908585840167958,0.0076150412957982205,0.008574671224146792,0.011203922938238207,0.014805456591253083,0.018756085287516253,0.018962712106988258
2016-06-23,0.00620427229772486,0.006911322809680235,0.0076178695246316855,0.008577290313890859,0.011205972814438633,0.014806899872651595,0.018757020034429993,0.01896345403558189
2016-06-24,0.005984610524469134,0.006684011469159131,0.007382935854858314,0.008359612692216013,0.011035553727988477,0.014686964367654633,0.01867939664822046,0.018901883742596826
2016-06-27,0.005878791276879659,0.006574474809582948,0.007269695099497035,0.008254605450466301,0.010953307929924046,0.014629120994532958,0.018641998317847866,0.01887224928135343
2016-06-28,0.005931982317849753,0.006629537067591484,0.0073266218652275165,0.008307400006764745,0.010994661617988774,0.014658201867306809,0.01866079728634663,0.01888714319193243
2016-06-29,0.005931540944650993,0.006629080189073753,0.007326149536932556,0.00830696202065408,0.010994318570106708,0.014657960602080099,0.01866064129752187,0.01888701958624469
2016-06-30,0.005879674207416994,0.006575388844178232,0.00727064012652015,0.00825548199224353,0.010953994568412829,0.01462960380308612,0.018642310372026134,0.018872496473728455
2016-07-04,0.005875149155700294,0.006570704367568261,0.007265796797218374,0.008250989614452309,0.010950475449741523,0.014627129359846114,0.018640711080767005,0.01887122961618193
2016-07-05,0.00587393510360501,0.006569447535924321,0.0072644973395843025,0.00824978429958546,0.010949531255190301,0.014626465463943809,0.018640281996876618,0.01887088972899892
2016-07-06,0.0056537639062361625,0.006341472532870013,0.00702874665376821,0.008030994601758846,0.010778089634013277,0.014505973256445226,0.01856246061656524,0.018809287426536942
2016-07-07,0.005653101115004509,0.006340786112580326,0.00702803668990442,0.008030335360223479,0.01077757290639892,0.014505610253947419,0.018562226329343373,0.018809102093478264
2016-07-08,0.005663153261667587,0.006351196538410556,0.0070388040989506915,0.008040333278387973,0.01078540939067862,0.014511115509385782,0.018565779607817183,0.018811912997498896
2016-07-11,0.005667571660980501,0.006355772358796349,0.007043536771136621,0.008044727575822226,0.01078885362574497,0.01451353521054653,0.018567341435811305,0.01881314857277856
2016-07-12,0.005675193217952379,0.006363665374864233,0.007051700264844842,0.008052307176444909,0.010794794395279575,0.01451770892041802,0.018570035513527015,0.018815279958899433
2016-07-13,0.005675414129213937,0.006363894152763572,0.0070519368809441665,0.008052526864394335,0.010794966581378889,0.014517829892330587,0.01857011360130929,0.018815341738561545
2016-07-14,0.005578415489396518,0.006263432624618447,0.006948025003868468,0.007956026336030667,0.01071932207486008,0.014464695137853412,0.018535825336370965,0.018788222385720168
2016-07-15,0.005605375571456907,0.006291356955877382,0.006976910088470013,0.007982855819324076,0.010740355034421955,0.014479467164845739,0.01854535574804756,0.018795758585311014
2016-07-18,0.005676960502628965,0.00636549558989543,0.007053593182744341,0.008054064663288684,0.010796171868111612,0.014518676687539148,0.018570660213534373,0.018815774196755182
2016-07-19,0.005657188299867513,0.006345018995898446,0.007032414744609075,0.008034400597247505,0.010780759311617628,0.014507848727467635,0.018563671089019355,0.018810244983534993
2016-07-20,0.005818192775285332,0.0065117380410685145,0.007204827746627462,0.008194429902541815,0.01090616557248102,0.014595977091480666,0.018620580527128505,0.018855286467512247
2016-07-21,0.006093914035604312,0.006797132731247758,0.007499861246062851,0.008467979308660535,0.011120406202847474,0.014746667299965792,0.0187180234714482,0.018932511870354128
2016-07-22,0.005988582018071647,0.006688122071695731,0.007387185069021693,0.008363551891136837,0.011038638608919309,0.014689134448035204,0.018680800188070723,0.018902996283060705
2016-07-25,0.0059541603248320675,0.006652493711419932,0.007350354357886994,0.008329405727345722,0.01101189683774827,0.014670323940340263,0.018668635310745765,0.018893354480539984
2016-07-26,0.0060831071262005855,0.0067859493578851645,0.007488302749523782,0.0084572694775248,0.011112021377097684,0.01474076647197805,0.018714204543886646,0.018929482836160517
2016-07-27,0.00618575401492405,0.006892163141433693,0.007598070746127287,0.00855895487650482,0.01119162195708676,0.014796796019486375,0.0187504765629425,0.018958260595780877
2016-07-28,0.006444335185631121,0.007159641888373859,0.007874415651446243,0.008814722847899005,0.011391742413766968,0.014937762511039546,0.018841839028849387,0.0190308269450646
2016-07-29,0.00634575981097248,0.007057689471398593,0.007769098079698633,0.008717286017353417,0.011315521510113474,0.014884054101220758,0.018807012118279138,0.019003151405301358
2016-08-02,0.006361402288076912,0.007073869058980237,0.007785812884014469,0.00873275326504762,0.01132762227873904,0.014892579339939998,0.018812538803108382,0.019007542118034675
2016-08-03,0.006365698290693503,0.007078312491266966,0.007790403226365471,0.008737000784048408,0.011330945226244834,0.014894920520982392,0.018814056624488863,0.019008748035621578
2016-08-04,0.006093693491074989,0.006796904506135624,0.0074996253677170315,0.008467760755036725,0.011120235097636757,0.014746546881915734,0.018717945536080322,0.01893245005285077
2016-08-05,0.006095568113408851,0.006798844410295468,0.007501630321253595,0.008469618441769158,0.011121689473756281,0.014747570426029841,0.018718607984144944,0.018932975502265526
2016-08-08,0.006098324885571726,0.006801697172264014,0.007504578731266023,0.008472350255499401,0.011123828187343176,0.01474907559962139,0.01871958216192443,0.018933748224612662
2016-08-09,0.00625860676055086,0.006967535436117554,0.007675953661476645,0.008631071721330853,0.011248062524951353,0.014836537971016039,0.01877621873279901,0.018978695121321876
2016-08-10,0.00618575401492405,0.006892163141433693,0.007598070746127287,0.00855895487650482,0.01119162195708676,0.014796796019486375,0.0187504765629425,0.018958260595780877
2016-08-11,0.00598251443313511,0.006681841946402738,0.007380693163222304,0.008357533592413943,0.011033925521918227,0.014685819009295394,0.01867865588057667,0.018901296571070186
2016-08-12,0.005878570543761766,0.0065742463002052415,0.007269458841768481,0.008254386313526312,0.010953136268876628,0.014629000291664366,0.018641920304102333,0.01887218748330957
2016-08-15,0.005821614936850075,0.0065152811396316755,0.007208491347230452,0.008197828994109566,0.010908828671401725,0.014597849191493106,0.01862179007193281,0.018856244254825988
2016-08-16,0.005819738273359263,0.0065133381587707834,0.007206482287508075,0.00819596499395168,0.010907368279276321,0.01459682256469303,0.018621126775560683,0.01885571901602791
2016-08-17,0.005872610676464293,0.006568076436799578,0.0072630797360137295,0.008248469389999392,0.010948501205102722,0.014625741203790371,0.018639813902586466,0.018870518943669656
2016-08-18,0.00598350732067988,0.006682869618356806,0.007381755495216854,0.008358518435892862,0.011034696783838688,0.014686361550751929,0.01867900677141756,0.01890157470472669
2016-08-19,0.005988582018071647,0.006688122071695731,0.007387185069021693,0.008363551891136837,0.011038638608919309,0.014689134448035204,0.018680800188070723,0.018902996283060705
2016-08-22,0.006002702376668881,0.006702736782342592,0.007402292365021096,0.008377556361875852,0.011049605578537822,0.01469684952286133,0.018685790341046397,0.01890695203485885
2016-08-23,0.006183659599417066,0.006889996144704911,0.0075958314257446365,0.008556880960140067,0.011189998690266934,0.014795653192068478,0.018749736491774624,0.0189576732513341
2016-08-24,0.006084209893334768,0.0067870905505033555,0.007489482230748291,0.00845836238324664,0.011112877034271731,0.014741368629416295,0.018714594239215128,0.018929791919086884
2016-08-25,0.0060849818274515115,0.0067878893809992175,0.007490307861817429,0.008459127408352618,0.011113475985813491,0.014741790135277759,0.018714867024749303,0.01893000827743222
2016-08-26,0.006086194861990573,0.00678914467884817,0.007491605272438445,0.008460329575854754,0.01111441718126941,0.014742452494401478,0.01871529568574199,0.018930348269611725
2016-08-29,0.006142980384007813,0.00684790556937887,0.007552334503018185,0.008516592614273871,0.011158462937327638,0.01477345305268292,0.018735362092020175,0.018946266761107056
2016-08-30,0.006145075138539017,0.006850073077129685,0.007554574505414261,0.008518667579261632,0.011160087203370821,0.014774596392116908,0.01873610230408696,0.018946854070571634
2016-08-31,0.006201626912312558,0.006908585840167958,0.0076150412957982205,0.008574671224146792,0.011203922938238207,0.014805456591253083,0.018756085287516253,0.018962712106988258
2016-09-01,0.006258937360250389,0.006967877446552348,0.007676307042267477,0.008631398880279903,0.011248318542913877,0.014836718270221167,0.018776335545626084,0.018978787869977802
2016-09-02,0.00609799407450793,0.006801354843233113,0.007504224925274693,0.008472022442787525,0.011123571546415984,0.014748894981200406,0.018719465261254085,0.01893365549776635
2016-09-06,0.0060831071262005855,0.0067859493578851645,0.007488302749523782,0.0084572694775248,0.011112021377097684,0.01474076647197805,0.018714204543886646,0.018929482836160517
2016-09-07,0.006033477600311889,0.006734588146095596,0.007435216026186739,0.008408073239727979,0.01107350205321475,0.01471366182861122,0.0186966661740826,0.018915574620899298
2016-09-08,0.00598251443313511,0.006681841946402738,0.007380693163222304,0.008357533592413943,0.011033925521918227,0.014685819009295394,0.01867865588057667,0.018901296571070186
2016-09-09,0.005982404112055022,0.00668172776026562,0.007380575125847633,0.008357424164612888,0.011033839825436677,0.014685758726546183,0.018678616892604975,0.018901265667355522
2016-09-12,0.005982404112055022,0.00668172776026562,0.007380575125847633,0.008357424164612888,0.011033839825436677,0.014685758726546183,0.018678616892604975,0.018901265667355522
2016-09-13,0.0059821834697497776,0.00668149938777272,0.007380339050806457,0.008357205308562075,0.011033668432046007,0.01468563816082867,0.018678538916601296,0.018901203859941162
2016-09-14,0.006091818854766229,0.006794964580910973,0.0074976203860672355,0.00846590302507907,0.011118780680328306,0.014745523316695847,0.018717283082207718,0.018931924604878008
2016-09-15,0.006093914035604312,0.006797132731247758,0.007499861246062851,0.008467979308660535,0.011120406202847474,0.014746667299965792,0.0187180234714482,0.018932511870354128
2016-09-16,0.00609799407450793,0.006801354843233113,0.007504224925274693,0.008472022442787525,0.011123571546415984,0.014748894981200406,0.018719465261254085,0.01893365549776635
2016-09-19,0.006112880141526382,0.006816759000186172,0.007520145328140894,0.008486772682168868,0.011135119118266628,0.014757022159443828,0.018724725612356705,0.01893782825030793
2016-09-20,0.006334633230335042,0.007046180560426697,0.0077572081871119004,0.00870628282969342,0.011306912876425285,0.014877989478896987,0.01880308091977524,0.01900002849479858
2016-09-21,0.006389049633740741,0.0071024645941666605,0.00781535326841269,0.008760085882280815,0.011349004636124736,0.014907644997961047,0.01882230681114276,0.01901530341269385
2016-09-22,0.006290672905093592,0.0070007073939683424,0.007710227521865808,0.008662799871880763,0.01127289029506459,0.014854023933647983,0.018787548734887652,0.018987691950031513
2016-09-23,0.00634575981097248,0.007057689471398593,0.007769098079698633,0.008717286017353417,0.011315521510113474,0.014884054101220758,0.018807012118279138,0.019003151405301358
2016-09-26,0.006196776966716031,0.006903567953687426,0.0076098560640762095,0.008569869335861898,0.011200164618657506,0.014802810466102347,0.018754371554776196,0.01896135191203107
2016-09-27,0.006199201951216458,0.006906076914566735,0.0076124487034784,0.008572270316199861,0.011202043812938236,0.01480413354635107,0.018755228426009657,0.018962032008302175
2016-09-28,0.006201626912312558,0.006908585840167958,0.0076150412957982205,0.008574671224146792,0.011203922938238207,0.014805456591253083,0.018756085287516253,0.018962712106988258
2016-09-29,0.006313370174633401,0.007024186217082445,0.0077344851374539616,0.008685252693041282,0.011290458671522919,0.014866398574194365,0.018795568257417305,0.018994061094507134
2016-09-30,0.006311717530101991,0.007022476698453087,0.007732718945572011,0.008683617993135627,0.011289179624973028,0.014865497612751202,0.018794984340390754,0.018993597314703518
2016-10-03,0.006150697814386186,0.006855890994144126,0.007560586969784223,0.008524236955144194,0.01116444682097929,0.014777665225501519,0.018738089153235483,0.018948430541725122
2016-10-04,0.0058313292068093575,0.006525338586166215,0.007218890736370715,0.008207477245098009,0.010916387689833457,0.014603163157528371,0.018625223513247025,0.018858963161068037
2016-10-05,0.005830004555683449,0.006523967149421438,0.007217472682210185,0.008206161642711799,0.010915356979582904,0.014602438559098149,0.018624755325868332,0.018858592398850675
2016-10-06,0.005828238343350481,0.00652213855076802,0.00721558192153929,0.008204407472693562,0.010913982667323852,0.014601472411499046,0.01862413107152839,0.018858098050345197
2016-10-07,0.005930658195932383,0.006628166428539637,0.00732520487567331,0.008306086041253475,0.010993632467501513,0.014657478068121222,0.018660329318907702,0.01888677237510871
2016-10-11,0.005928009931207831,0.006625425118948064,0.007322370854540966,0.008303458045617454,0.010991574104957387,0.014656030438200917,0.018659393375348016,0.01888603074361678
2016-10-12,0.0059275685510458,0.006624968229934374,0.007321898512238027,0.008303020037968963,0.01099123103655212,0.01465578916245783,0.01865923738362931,0.018885907138647545
2016-10-13,0.0059286720000001954,0.006626110450281943,0.007323079365077043,0.008304115052603145,0.010992088703289618,0.014656392349624636,0.018659627362323166,0.018886216151220325
2016-10-14,0.006042742521806879,0.0067441766927400035,0.0074451270432279665,0.008417258836613211,0.01108069451785796,0.014718722484662917,0.01869994031204124,0.018918170744381013
2016-10-17,0.006057962723545061,0.006759928188576684,0.007461407938268471,0.008432347168981048,0.011092508526616278,0.014727035300925409,0.018705318945129966,0.01892243588081763
2016-10-18,0.006024102034815153,0.006724884926563946,0.0074251863221508636,0.008398777216224911,0.011066222940326532,0.014708540402113342,0.018693352913945603,0.018912947627023575
2016-10-19,0.006033477600311889,0.006734588146095596,0.007435216026186739,0.008408073239727979,0.01107350205321475,0.01471366182861122,0.0186966661740826,0.018915574620899298
2016-10-20,0.005931099570678536,0.006628623309389805,0.007325677207081155,0.008306524032150323,0.010993975519944289,0.014657719335684903,0.018660485308375562,0.01888689598063678
2016-10-21,0.005930658195932383,0.006628166428539637,0.00732520487567331,0.008306086041253475,0.010993632467501513,0.014657478068121222,0.018660329318907702,0.01888677237510871
2016-10-24,0.00576784851332942,0.00645961211087993,0.007150926562245803,0.008144413754601013,0.01086697642132321,0.01456843099519805,0.018602786281760795,0.0188411982791178
2016-10-25,0.005765529785390206,0.006457211209558651,0.007148443783644823,0.008142109630254312,0.010865170943960455,0.014567162059201777,0.01860196670927965,0.018840549505958547
2016-10-26,0.005818192775285332,0.0065117380410685145,0.007204827746627462,0.008194429902541815,0.01090616557248102,0.014595977091480666,0.018620580527128505,0.018855286467512247
2016-10-27,0.005762438114965677,0.006454009957795359,0.0071451333454443985,0.008139037361854888,0.010862763543039868,0.014565470094441233,0.01860087393218503,0.01883968447850242
2016-10-28,0.005712855793092871,0.006402667793776611,0.007092037687181528,0.00808975532685216,0.010824143887499273,0.014538330410390318,0.018583348318818003,0.018825813679687206
2016-10-31,0.005673205007894269,0.00636160636065022,0.007049570702440953,0.008050329957977775,0.01079324469473173,0.014516620160059453,0.018569332719869103,0.018814723942838535
2016-11-01,0.005780766750040983,0.006472987972668754,0.007164758400557573,0.008157249811353863,0.01087703435890516,0.014575500191888614,0.01860735230905684,0.018844812912714802
2016-11-02,0.005727985508287796,0.00641833500070689,0.0071082404458916015,0.008104795580875547,0.010835930659117041,0.014546612899291617,0.018588696207194562,0.018830045865783393
2016-11-03,0.005468224911313351,0.006149286884291399,0.006829938474398861,0.007846306779304802,0.010633291853140804,0.01440429048749171,0.018496871016639455,0.01875743206678357
2016-11-04,0.005358428644344868,0.006035527084299983,0.006712229598651538,0.007736879642735156,0.010547465970825318,0.014344056026182796,0.018458053126668827,0.018726770209633672
2016-11-07,0.005338631495764438,0.006015012888673493,0.006691000977129831,0.007717138417723645,0.010531979890248032,0.014333190391337562,0.01845105363463872,0.018721243570446657
2016-11-08,0.005440255162451252,0.006120309589168623,0.006799957303050685,0.007818440553246687,0.010611438177299566,0.014388950577934233,0.018486982740640773,0.018749619464903066
2016-11-09,0.005488896214582927,0.006170701886396972,0.006852094468611254,0.007866897401849027,0.010649438706702367,0.014415625677042037,0.018504178915593816,0.018763206803881098
2016-11-10,0.00565199645908327,0.006339642072933091,0.007026853409015893,0.008029236612365744,0.010776711682306546,0.014505005243941976,0.018561835849032517,0.018808793205446303
2016-11-14,0.005840270419776213,0.006534595509658518,0.007228462235558118,0.008216356997856111,0.010923344447214711,0.014608053921863389,0.018628383702358454,0.01886146582482863
2016-11-15,0.0060329261061303485,0.006734017383053809,0.007434626063051919,0.008407526444729684,0.011073073898608125,0.014713360582835072,0.01869647128044685,0.018915420090849865
2016-11-16,0.005982293790926577,0.006681613574055613,0.0073804570883756835,0.008357314736662265,0.011033754128812603,0.01468569844372394,0.018678577904613185,0.018901234763645847
2016-11-17,0.00598251443313511,0.006681841946402738,0.007380693163222304,0.008357533592413943,0.011033925521918227,0.014685819009295394,0.01867865588057667,0.018901296571070186
2016-11-18,0.005878570543761766,0.0065742463002052415,0.007269458841768481,0.008254386313526312,0.010953136268876628,0.014629000291664366,0.018641920304102333,0.01887218748330957
2016-11-21,0.005929003033743571,0.006626453114964886,0.007323433619031834,0.008304443554076819,0.010992346000531682,0.014656573304350582,0.018659744355539434,0.018886308855089455
2016-11-22,0.005928009931207831,0.006625425118948064,0.007322370854540966,0.008303458045617454,0.010991574104957387,0.014656030438200917,0.018659393375348016,0.01888603074361678
2016-11-23,0.0059275685510458,0.006624968229934374,0.007321898512238027,0.008303020037968963,0.01099123103655212,0.01465578916245783,0.01865923738362931,0.018885907138647545
2016-11-24,0.006038882179315941,0.006740181527473483,0.007440997536209686,0.008413431632832473,0.011077697779802768,0.014716613940598273,0.01869857610512484,0.018917089021985037
2016-11-25,0.006042742521806879,0.0067441766927400035,0.0074451270432279665,0.008417258836613211,0.01108069451785796,0.014718722484662917,0.01869994031204124,0.018918170744381013
2016-11-28,0.00605465406237355,0.006756504068430865,0.0074578687708494185,0.008429067339027738,0.011089940494728744,0.014725228285264541,0.01870414970962407,0.01892150866916127
2016-11-29,0.006017042554938348,0.006717578625501347,0.007417634081174724,0.00839177714421059,0.011060741516958818,0.014704683921011902,0.01869085812813839,0.018910969678954698
2016-11-30,0.00592138914753922,0.006618571661289837,0.007315285556570485,0.008296887679615407,0.010986427839441048,0.01465241117936356,0.018657053465804773,0.01888417667746079
2016-12-01,0.0060849818274515115,0.0067878893809992175,0.007490307861817429,0.008459127408352618,0.011113475985813491,0.014741790135277759,0.018714867024749303,0.01893000827743222
2016-12-02,0.006086194861990573,0.00678914467884817,0.007491605272438445,0.008460329575854754,0.01111441718126941,0.014742452494401478,0.01871529568574199,0.018930348269611725
2016-12-05,0.005982404112055022,0.00668172776026562,0.007380575125847633,0.008357424164612888,0.011033839825436677,0.014685758726546183,0.018678616892604975,0.018901265667355522
2016-12-06,0.005819738273359263,0.0065133381587707834,0.007206482287508075,0.00819596499395168,0.010907368279276321,0.01459682256469303,0.018621126775560683,0.01885571901602791
2016-12-07,0.005763211036125977,0.006454810276093494,0.007145960962144409,0.008139805439948009,0.010863365403745398,0.014565893090999102,0.018601147127935803,0.018839900734999714
2016-12-08,0.005763431870308003,0.006455038937808393,0.0071461974231832,0.008140024889485644,0.010863537362664278,0.01456601394650122,0.018601225183683723,0.01883996252261528
2016-12-09,0.005825699391434155,0.006519509907513191,0.007212863909445864,0.008201885786210988,0.010912007029530246,0.014600083541571201,0.018623233696901286,0.01885738742660642
2016-12-12,0.005857048135968408,0.00655196523587087,0.007246421844774403,0.008233017589045117,0.010936396579257601,0.014617230359245153,0.018634313577902684,0.018866162269871287
2016-12-13,0.005862125382497361,0.006557221531605675,0.007251856546666503,0.008238058928929027,0.010940345917540135,0.014620007106398693,0.01863610805398061,0.0188675835851727
2016-12-14,0.00587106550266599,0.006566476807888317,0.007261425847476867,0.008246935301594219,0.010947299454061497,0.01462489622031983,0.018639267788923667,0.01887008636169362
2016-12-15,0.005824264320340048,0.006518024135574092,0.00721132761897792,0.00820046045015665,0.01091089033134018,0.014599298511044613,0.018622726480452875,0.018856985770878156
2016-12-16,0.005833095397478818,0.006527167152165537,0.007220781453461233,0.008209231348109667,0.010917761938242548,0.014604129272409859,0.018625847758583586,0.018859457511808862
2016-12-19,0.005812783457389024,0.006506137516607009,0.007199036703397301,0.008189056851748696,0.010901955878714398,0.014593017822514978,0.018618668626596425,0.018853772555408887
2016-12-20,0.005776571155999136,0.006468643785083313,0.007160266154640969,0.008153081060158301,0.010873767892248856,0.014573204323094915,0.018605869355997832,0.018843638921663967
2016-12-21,0.005797548427947105,0.006490363670499012,0.0071827259795350885,0.00817392265637056,0.010890098167509363,0.014584682612504517,0.018613283831094576,0.018849508948968193
2016-12-22,0.0058084779989415625,0.006501679831244468,0.007194427338795913,0.008184780085274644,0.010898605061556488,0.014590662360671112,0.018617146875360237,0.018852567613521453
2016-12-23,0.005733175785431019,0.006423709566746205,0.007113798635915513,0.008109954729318336,0.010839973679829272,0.014549454021306448,0.01859053079733014,0.018831497805216313
2016-12-28,0.005727985508287796,0.00641833500070689,0.0071082404458916015,0.008104795580875547,0.010835930659117041,0.014546612899291617,0.018588696207194562,0.018830045865783393
2016-12-29,0.005570791009591952,0.006255535202871521,0.006939855630311504,0.007948437694904605,0.010713372690711764,0.014460517013732771,0.018533130043922156,0.018786091301191653
2016-12-30,0.005462808087011706,0.006143675045185438,0.0068241323305684755,0.0078409105107329,0.010629060035363274,0.014401319881871863,0.018494955996435473,0.018755918929228295
2017-01-03,0.005440255162451252,0.006120309589168623,0.006799957303050685,0.007818440553246687,0.010611438177299566,0.014388950577934233,0.018486982740640773,0.018749619464903066
2017-01-04,0.005434284933807639,0.006114124107775067,0.006793557353424748,0.0078124915814314294,0.010606772575002255,0.014385675841691602,0.018484872032935862,0.018747951994398167
2017-01-05,0.005432737073734411,0.006112520429755834,0.006791898060921281,0.007810949184210763,0.010605562906566075,0.014384826801236601,0.01848432480285368,0.01874751968960529
2017-01-06,0.005445561913981092,0.006125807616420471,0.006805645909027003,0.007823728162050507,0.0106155850304472,0.01439186127581594,0.01848885887607031,0.018751101673121995
2017-01-09,0.005541837989509661,0.006225544730787779,0.006908831472083599,0.007919616369257865,0.010690776095633464,0.014444649085908109,0.018522894873639693,0.018777999573394634
2017-01-10,0.005730635875919965,0.006421079480078264,0.007111078697433286,0.00810743008093568,0.010837995219667933,0.014548063705157706,0.018589633024725414,0.0188307872802869
2017-01-11,0.005625925175662797,0.006312640621447842,0.006998925156271768,0.008003301821255995,0.010756382656591186,0.014490724887887208,0.01855261993032532,0.018801503592730587
2017-01-12,0.005519734213412904,0.006202647873193812,0.0068851444143245896,0.007897608447260576,0.010673520201886331,0.014432532789900337,0.018515080838080067,0.018771822912466794
2017-01-13,0.005514650071312156,0.006197381183543454,0.006879695840643218,0.007892545778944035,0.010669550539933709,0.01442974562861258,0.01851328349619346,0.01877040230868464
2017-01-16,0.005499618096212073,0.0061818091990294985,0.006863585810199104,0.007877576038951496,0.01065781238421866,0.014421504421850702,0.018507969367114623,0.01876620232447149
2017-01-17,0.005385522788610215,0.0060636013874516455,0.0067412804805367325,0.007763891986606109,0.010568654600295714,0.014358924191291842,0.018467632393159756,0.018734334863212312
2017-01-18,0.005324252707128524,0.006000112846876498,0.006675581588684037,0.007702798211122991,0.010520730153526753,0.014325297681338403,0.018445969801027782,0.01871722991035968
2017-01-19,0.005321708682518173,0.005997476557387985,0.006672853371875953,0.007700260834482152,0.010518739564723587,0.01432390115030311,0.018445070318182388,0.018716519810046597
2017-01-20,0.005333101289155018,0.006009282249144172,0.006685070637667466,0.007711623252782972,0.010527653353476616,0.014330154879706365,0.018449098354212795,0.018719699845049356
2017-01-23,0.00536672307841016,0.006044121723399045,0.006721123345904108,0.007745149681091213,0.010553953194548538,0.014348607970866574,0.01846098568330378,0.018729085888104045
2017-01-24,0.005579299472161356,0.006264348245269848,0.006948972147652695,0.007956906132413044,0.0107200118146326,0.014465179535547951,0.018536137827856364,0.018788469469521146
2017-01-25,0.005575100526465426,0.006259999005629183,0.006944473159229372,0.00795272701434285,0.010716735469475446,0.014462878604871566,0.018534653481845523,0.018787295824310584
2017-01-26,0.005468224911313351,0.006149286884291399,0.006829938474398861,0.007846306779304802,0.010633291853140804,0.01440429048749171,0.018496871016639455,0.01875743206678357
2017-01-27,0.005462808087011706,0.006143675045185438,0.0068241323305684755,0.0078409105107329,0.010629060035363274,0.014401319881871863,0.018494955996435473,0.018755918929228295
2017-01-30,0.005446114694191607,0.006126380317934797,0.0068062384592602505,0.007824278934816443,0.01061601697543255,0.014392164463835424,0.018489054304181393,0.018751256070472594
2017-01-31,0.005548689767351871,0.006232642164640633,0.0069161736699000255,0.007926437610283686,0.010696124265129519,0.014448404544517658,0.018525317061436685,0.018779914378807928
2017-02-01,0.005543827234483811,0.006227605304963786,0.0069109631164232105,0.00792159678878471,0.01069232884644209,0.014445739409263175,0.018523598097410072,0.018778555482667766
2017-02-02,0.005541285418680813,0.006224972344881127,0.0069082393430624665,0.007919066244122454,0.010690344767769373,0.014444346214110233,0.018522699532547912,0.018777845154439
2017-02-03,0.005547363631308578,0.006231268489632468,0.006914752628538197,0.007925117414955614,0.010695089178306305,0.014447677703470089,0.01852484825692438,0.018779543769811696
2017-02-06,0.005563608318026066,0.0062480952852452505,0.006932159419983351,0.00794128832363351,0.010707767577713821,0.014456580781658714,0.018530590912789243,0.018784083779525
2017-02-07,0.0056295708984486345,0.006316416492278971,0.007002830703885189,0.00800692879726291,0.010759225751971968,0.01449272196195085,0.018553908664238554,0.01880252288627049
2017-02-08,0.005575100526465426,0.006259999005629183,0.006944473159229372,0.00795272701434285,0.010716735469475446,0.014462878604871566,0.018534653481845523,0.018787295824310584
2017-02-09,0.005570791009591952,0.006255535202871521,0.006939855630311504,0.007948437694904605,0.010713372690711764,0.014460517013732771,0.018533130043922156,0.018786091301191653
2017-02-10,0.005566812928735777,0.006251414671157132,0.006935593164600986,0.007944478121198318,0.010710268394832585,0.014458336984859776,0.01853172376640063,0.018784979440433235
2017-02-13,0.005553441697659312,0.00623756441389577,0.006921265619749114,0.007931168133344817,0.01069983315771349,0.014451008971913003,0.01852699692050793,0.018781242400277978
2017-02-14,0.005548689767351871,0.006232642164640633,0.0069161736699000255,0.007926437610283686,0.010696124265129519,0.014448404544517658,0.018525317061436685,0.018779914378807928
2017-02-15,0.005708327745670925,0.006397978801644463,0.007087188331433628,0.008085253683158204,0.010820615939433259,0.014535851442844356,0.01858174778253984,0.01882454713125239
2017-02-16,0.005707223331529903,0.0063968351264402715,0.007086005536933225,0.008084155683141726,0.010819755427952035,0.014535246797990883,0.018581357402713158,0.018824238218272348
2017-02-17,0.005712855793092871,0.006402667793776611,0.007092037687181528,0.00808975532685216,0.010824143887499273,0.014538330410390318,0.018583348318818003,0.018825813679687206
2017-02-21,0.0057891577286462974,0.006481676032086184,0.0071737424709841105,0.008165586665815322,0.010883566674811464,0.014580091613108345,0.018610318128115366,0.018847160916431484
2017-02-22,0.005677181412343129,0.006365724365462334,0.007053829795730781,0.008054284346451928,0.010796344049650217,0.014518797657114741,0.018570738300673552,0.018815835976576965
2017-02-23,0.005725335112802545,0.006415590479351677,0.007105402138318003,0.008102160994664102,0.010833866016473343,0.01454516205136002,0.01858775937808793,0.018829304454153907
2017-02-24,0.005722574254554,0.006412731558295725,0.007102445508346294,0.008099416542416625,0.010831715259757959,0.014543650706700157,0.018586783502125885,0.018828532153429334
2017-02-27,0.0057142914984732,0.006404154521795586,0.007093575253640074,0.008091182624793252,0.010825262455153441,0.014539116398856588,0.0185838557988766,0.018826215269966674
2017-02-28,0.005819738273359263,0.0065133381587707834,0.007206482287508075,0.00819596499395168,0.010907368279276321,0.01459682256469303,0.018621126775560683,0.01885571901602791
2017-03-01,0.005872610676464293,0.006568076436799578,0.0072630797360137295,0.008248469389999392,0.010948501205102722,0.014625741203790371,0.018639813902586466,0.018870518943669656
2017-03-02,0.005873162521952489,0.006568647729377105,0.007263670405870493,0.008249017271611031,0.010948930395133352,0.014626042980132335,0.01864000894222572,0.01887067343746953
2017-03-03,0.0058770254065206315,0.006572646726397768,0.007267805026773501,0.008252852338194738,0.01095193462558221,0.014628155363404803,0.018641374205632742,0.01887175489756139
2017-03-06,0.005940699279989978,0.006638560179351377,0.0073359500301282835,0.00831604974209085,0.011001436346400419,0.014662966616104174,0.01866387799974816,0.018889584420623773
2017-03-07,0.005931982317849753,0.006629537067591484,0.0073266218652275165,0.008307400006764745,0.010994661617988774,0.014658201867306809,0.01866079728634663,0.01888714319193243
2017-03-08,0.005931540944650993,0.006629080189073753,0.007326149536932556,0.00830696202065408,0.010994318570106708,0.014657960602080099,0.01866064129752187,0.01888701958624469
2017-03-09,0.005828238343350481,0.00652213855076802,0.00721558192153929,0.008204407472693562,0.010913982667323852,0.014601472411499046,0.01862413107152839,0.018858098050345197
2017-03-10,0.005826472118638367,0.006520309933455119,0.007213691135965324,0.008202653264385854,0.01091260831857911,0.014600506245204162,0.018623506812043653,0.018857603703117065
2017-03-13,0.005875149155700294,0.006570704367568261,0.007265796797218374,0.008250989614452309,0.010950475449741523,0.014627129359846114,0.018640711080767005,0.01887122961618193
2017-03-14,0.0059821834697497776,0.00668149938777272,0.007380339050806457,0.008357205308562075,0.011033668432046007,0.01468563816082867,0.018678538916601296,0.018901203859941162
2017-03-15,0.006037338025733442,0.0067385834363660815,0.007439345700036147,0.008411900700018267,0.011076499035695568,0.01471577049792299,0.01869803041546507,0.018916656334738085
2017-03-16,0.006039213068136254,0.006740523973709266,0.007441351498623435,0.008413759686050098,0.01107795464990571,0.014716794676452129,0.018698693038110895,0.01891718174080805
2017-03-17,0.006043624877487568,0.006745089860835511,0.007446070913814679,0.008418133600323069,0.011081379462042466,0.01471920442503075,0.01870025212730833,0.018918417996072592
2017-03-20,0.006007776687018877,0.006707988652281097,0.007407721160215828,0.008382588619975545,0.011053546262870511,0.014699621835609331,0.018687583596844498,0.01890837365312975
2017-03-21,0.0060831071262005855,0.0067859493578851645,0.007488302749523782,0.0084572694775248,0.011112021377097684,0.01474076647197805,0.018714204543886646,0.018929482836160517
2017-03-22,0.006084209893334768,0.0067870905505033555,0.007489482230748291,0.00845836238324664,0.011112877034271731,0.014741368629416295,0.018714594239215128,0.018929791919086884
2017-03-23,0.0060849818274515115,0.0067878893809992175,0.007490307861817429,0.008459127408352618,0.011113475985813491,0.014741790135277759,0.018714867024749303,0.01893000827743222
2017-03-24,0.006138349812047375,0.00684311414308571,0.00754738279416159,0.008512005657967149,0.011154872271924361,0.014770925577224269,0.01873372580802323,0.018944968504471797
2017-03-27,0.006250121219326319,0.006958756943794258,0.007666883254896863,0.00862267418096834,0.01124149095827811,0.014831910066484093,0.018773220475005792,0.018976314587854475
2017-03-28,0.006307310424826582,0.007017917901930664,0.007728008993548092,0.008679258628862142,0.01128576867739887,0.014863094968569334,0.018793427206213437,0.018992360574049117
2017-03-29,0.006365698290693503,0.007078312491266966,0.007790403226365471,0.008737000784048408,0.011330945226244834,0.014894920520982392,0.018814056624488863,0.019008748035621578
2017-03-30,0.0063695536150360325,0.0070823000925181534,0.007794522638398256,0.00874081246638387,0.011333927174055541,0.014897021486317871,0.018815418745856197,0.019009830275814963
2017-03-31,0.006536047072693141,0.007254479221009535,0.007972367468919677,0.008905302218419746,0.0114625806351686,0.014987697777427606,0.018874238885033354,0.019056588887685015
2017-04-03,0.0065406703129102725,0.007259259595931895,0.007977304428542826,0.008909866497188208,0.011466149691351266,0.014990214180017877,0.01887587212194816,0.01905788790084587
2017-04-04,0.006586017575446763,0.0073061459807170215,0.00802572455372019,0.008954625910219609,0.011501147103703552,0.015014892061046923,0.01889189151881412,0.01907063106802502
2017-04-05,0.006592180647376654,0.007312517932254519,0.008032304655231895,0.00896070775399025,0.011505902165926535,0.015018245379147963,0.018894068649213967,0.01907236321438476
2017-04-06,0.006495755226059654,0.0072128162259596324,0.007929338129067105,0.008865516621787806,0.011431468218582685,0.014965763673542437,0.01886000489140853,0.019045269288399398
2017-04-07,0.0065011498652371965,0.0072183946247196245,0.007935099643187919,0.008870844270390407,0.011435634649013583,0.014968700773766802,0.018861910691445834,0.019046784715125675
2017-04-10,0.006464375941582352,0.00718036696812024,0.007895822651701172,0.00883452215917379,0.011407228115383933,0.01494867706370279,0.01884891917958064,0.019036455309206946
2017-04-11,0.006469551041407643,0.0071857186569036,0.007901350309586152,0.008839634363227822,0.011411226403213721,0.014951495263959903,0.01885074746200298,0.019037908814710708
2017-04-12,0.0064748361394880785,0.007191184045219728,0.007906995355420379,0.008844854996565262,0.011415309436046649,0.014954373259415316,0.01885261459823054,0.01903939325723981
2017-04-13,0.006480121126156188,0.007196649265600502,0.007912640177126961,0.008850075285297453,0.011419392140508355,0.014957251086608697,0.018854481688154994,0.01904087771126499
2017-04-17,0.006498727796702903,0.007215890059169178,0.007932512869821048,0.008868452309317133,0.011433764049108406,0.01496738209739691,0.018861055032091723,0.019046104317970738
2017-04-18,0.0065102874585414834,0.007227843349866019,0.007944858409730225,0.0088798678354232,0.011442691291251592,0.014973675461841448,0.018865138773255297,0.019049351689770646
2017-04-19,0.006389049633740741,0.0071024645941666605,0.00781535326841269,0.008760085882280815,0.011349004636124736,0.014907644997961047,0.01882230681114276,0.01901530341269385
2017-04-20,0.006393345163000023,0.007106907312946801,0.007819942658513025,0.00876433193715799,0.011352326188480415,0.014909985464108912,0.01882382443579532,0.0190165093791241
2017-04-21,0.00634575981097248,0.007057689471398593,0.007769098079698633,0.008717286017353417,0.011315521510113474,0.014884054101220758,0.018807012118279138,0.019003151405301358
2017-04-24,0.006357326525298217,0.007069653392534523,0.007781457807062974,0.008728723357241093,0.011324469538411389,0.014890358116783145,0.01881109879046563,0.019006398049390708
2017-04-25,0.006307310424826582,0.007017917901930664,0.007728008993548092,0.008679258628862142,0.01128576867739887,0.014863094968569334,0.018793427206213437,0.018992360574049117
2017-04-26,0.006255961947287265,0.006964799329023292,0.007673126583632036,0.008628454401278334,0.01124601433507396,0.014835095553713151,0.018775284223671022,0.01897795313369111
2017-04-27,0.006260259754696465,0.006969245481731551,0.007677720556675822,0.008632707502614963,0.011249342601936971,0.01483743946046895,0.018776802795125676,0.01897915886505057
2017-04-28,0.006267092015072419,0.006976313496284293,0.007685023491297392,0.008639468374903205,0.011254633246610291,0.014841165442550774,0.01877921687143809,0.01898107568437271
2017-05-01,0.006230063345819269,0.006938006062209399,0.007645441819335587,0.008602821924028285,0.011225954805216718,0.01482096966179159,0.018766133210195886,0.018970687989986336
2017-05-02,0.006219813374520454,0.006927401657688122,0.00763448423744632,0.008592675726284573,0.011218014179226278,0.014815378301341782,0.018762511438771775,0.018967812924111177
2017-05-03,0.006135042208422535,0.006839691617013755,0.007543845754204187,0.008508729099071495,0.011152307356998013,0.014769120158738124,0.018732557012035123,0.018944041183692535
2017-05-04,0.006136475508669976,0.006841174719699127,0.007545378482268239,0.008510148957786904,0.01115341883588147,0.014769902514818647,0.018733063492517337,0.01894444302214553
2017-05-05,0.006034580585048267,0.006735729666712525,0.007436395945160559,0.00840916681850695,0.011074358351738834,0.01471426431468624,0.018697055959846838,0.01891588368137239
2017-05-08,0.005982404112055022,0.00668172776026562,0.007380575125847633,0.008357424164612888,0.011033839825436677,0.014685758726546183,0.018678616892604975,0.018901265667355522
2017-05-09,0.0059821834697497776,0.00668149938777272,0.007380339050806457,0.008357205308562075,0.011033668432046007,0.01468563816082867,0.018678538916601296,0.018901203859941162
2017-05-10,0.00598251443313511,0.006681841946402738,0.007380693163222304,0.008357533592413943,0.011033925521918227,0.014685819009295394,0.01867865588057667,0.018901296571070186
2017-05-11,0.0060395439565213635,0.006740866419289052,0.007441705460161686,0.00841408773792161,0.01107821151872595,0.014716975411648712,0.018698809970916077,0.018917274459675965
2017-05-12,0.006045279286047443,0.006746802038441302,0.0074478406543843755,0.00841977375647853,0.01108266370780333,0.014720108050622694,0.018700836777467422,0.018918881593855016
2017-05-15,0.006167565087283279,0.006873343607687829,0.007578622844779495,0.008540942748629748,0.011177523449602758,0.014786870585943026,0.018744049387049835,0.018953160033053536
2017-05-16,0.006133608900002923,0.00683820850201021,0.0075423130097002165,0.008507309215079051,0.011151195854028299,0.014768337790315465,0.018732050528156543,0.01894363934608279
2017-05-17,0.006135042208422535,0.006839691617013755,0.007543845754204187,0.008508729099071495,0.011152307356998013,0.014769120158738124,0.018732557012035123,0.018944041183692535
2017-05-18,0.006136475508669976,0.006841174719699127,0.007545378482268239,0.008510148957786904,0.01115341883588147,0.014769902514818647,0.018733063492517337,0.01894444302214553
2017-05-19,0.006086194861990573,0.00678914467884817,0.007491605272438445,0.008460329575854754,0.01111441718126941,0.014742452494401478,0.01871529568574199,0.018930348269611725
2017-05-23,0.006090936668138269,0.006794051667634041,0.0074966768555630985,0.008465028784259818,0.01111809623440152,0.014745041631642272,0.018716971337199163,0.018931677335742733
2017-05-24,0.006201626912312558,0.006908585840167958,0.0076150412957982205,0.008574671224146792,0.011203922938238207,0.014805456591253083,0.018756085287516253,0.018962712106988258
2017-05-25,0.006204602968942978,0.006911664927917281,0.007618223049296125,0.008577617694051354,0.011206229043191535,0.014807080279868677,0.018757136876980288,0.018963546776858173
2017-05-26,0.006209452763475225,0.0069166825866938,0.007623407977122836,0.008582419115085031,0.011209986917532788,0.014809726176872465,0.01875885054693783,0.01896490698740292
2017-05-29,0.006223340293560706,0.006931050556189564,0.007638254683146878,0.008596167037078228,0.011220746576733288,0.014817302281591423,0.01876375765930641,0.01896880218921986
2017-05-30,0.006283510719391488,0.006993298385485338,0.007702572563087158,0.008655713926522302,0.011267345620043775,0.014850118670842906,0.018785018126018627,0.01898568231246826
2017-05-31,0.0062880284295486035,0.006997971795928121,0.007707401123408128,0.00866018359641291,0.011270843100562457,0.01485258202638937,0.018786614366115964,0.018986949927553266
2017-06-01,0.006237667892972592,0.006945873438834623,0.007653571094472011,0.008610348912223759,0.011231845440846426,0.01482511768234554,0.018768820218608692,0.018972821131264545
2017-06-02,0.006242406842148529,0.006950776121215734,0.0076586369302400455,0.008615039283837403,0.011235516073480105,0.014827702504804585,0.018770494682704652,0.01897415049219205
2017-06-05,0.006196776966716031,0.006903567953687426,0.0076098560640762095,0.008569869335861898,0.011200164618657506,0.014802810466102347,0.018754371554776196,0.01896135191203107
2017-06-06,0.006199201951216458,0.006906076914566735,0.0076124487034784,0.008572270316199861,0.011202043812938236,0.01480413354635107,0.018755228426009657,0.018962032008302175
2017-06-07,0.006201626912312558,0.006908585840167958,0.0076150412957982205,0.008574671224146792,0.011203922938238207,0.014805456591253083,0.018756085287516253,0.018962712106988258
2017-06-08,0.006204713192585637,0.0069117789671838525,0.0076183408906563815,0.008577726820472382,0.011206314452490792,0.014807140415461644,0.018757175824456858,0.018963577690626912
2017-06-09,0.006210114091839851,0.006917366801957307,0.007624114998143926,0.00858307383188166,0.011210499333564626,0.014810086970054785,0.018759084226190242,0.018965092471407465
2017-06-12,0.006242296635043635,0.006950662106877066,0.007658519122148735,0.008614930208568716,0.01123543071292345,0.01482764239418801,0.0187704557421012,0.01897411957671686
2017-06-13,0.00648562620212983,0.007202342024920051,0.007918519961407801,0.008855512719617934,0.011423644608476504,0.014960248644344006,0.01885642652425572,0.019042424029765775
2017-06-14,0.006389049633740741,0.0071024645941666605,0.00781535326841269,0.008760085882280815,0.011349004636124736,0.014907644997961047,0.01882230681114276,0.01901530341269385
2017-06-15,0.006444335185631121,0.007159641888373859,0.007874415651446243,0.008814722847899005,0.011391742413766968,0.014937762511039546,0.018841839028849387,0.0190308269450646
2017-06-16,0.006449510699094009,0.007164994200646375,0.007879944141444021,0.008819836331359859,0.011395741920731917,0.014940581335998649,0.018843667483180053,0.019032280407887188
2017-06-19,0.006464375941582352,0.00718036696812024,0.007895822651701172,0.00883452215917379,0.011407228115383933,0.01494867706370279,0.01884891917958064,0.019036455309206946
2017-06-20,0.00657765316384514,0.007297497966592585,0.008016793928009736,0.008946371229153677,0.011494693090080856,0.01501034076301791,0.018888936741037178,0.019068280322993295
2017-06-21,0.006802734476386711,0.007530164716853848,0.008257019728224065,0.009168294506194068,0.01166815470402578,0.015132719317915133,0.018968441967732168,0.01913157490933908
2017-06-22,0.007691722269574692,0.008448171276690597,0.009203946497200723,0.010040623338423173,0.01234893966419251,0.015614149136822204,0.019282334249701872,0.019382328698528014
2017-06-23,0.007482247016476453,0.008231993950954981,0.00898108950521956,0.00983567728213515,0.012189147692456702,0.01550098513884739,0.019208388603905734,0.019323132572338853
2017-06-26,0.007674190560559945,0.00843008186781765,0.009185301244354314,0.010023485017831787,0.012335580918357167,0.015604684620883214,0.019276145906662774,0.019377371756678214
2017-06-27,0.007639013836238375,0.008393784364229285,0.009147886695949944,0.009989089715401531,0.012308768931737539,0.015585690797797666,0.019263728991954863,0.01936742727729291
2017-06-28,0.008110580536016992,0.008880178474836437,0.009649059342796116,0.010449302939042861,0.01266729391090166,0.015839912501536556,0.0194301597598757,0.019500899617421866
2017-06-29,0.008234044595395803,0.009007453983212899,0.00978013392910156,0.010569480313660616,0.01276083722378366,0.015906327893526896,0.019473724822809832,0.019535902221912455
2017-06-30,0.008205835921174798,0.008978377070015538,0.009750191587845552,0.010542034087421921,0.012739476643352564,0.015891158799650727,0.0194637715571881,0.01952790283758305
2017-07-04,0.008462874988677,0.009243270833804877,0.010022914776306652,0.01079187322682605,0.012933854688390705,0.016029264652102228,0.019554458814910667,0.019600839744665387
2017-07-05,0.008490071373941485,0.00927129083068072,0.010051755755839553,0.010818274599812045,0.01295438682413196,0.016043861903267086,0.019564053126439336,0.019608562997272053
2017-07-06,0.008514862253245183,0.009296831227302033,0.010078043280856631,0.010842335240795215,0.012973097175684824,0.016057165491921477,0.019572798662041167,0.019615604143715402
2017-07-07,0.008639652476534025,0.009425376243991812,0.010210331174539148,0.010963369292606022,0.013067196740605481,0.016124095104620467,0.019616818817841247,0.01965106192870718
2017-07-10,0.00880452317098552,0.009595161434035457,0.01038501539499188,0.011123071539236265,0.01319130680749938,0.01621242692600391,0.01967497139611539,0.019697945698133115
2017-07-11,0.008722810861668477,0.009511020018868596,0.010298452499074478,0.011043950103095272,0.013129826340538305,0.016168661840594498,0.019646151001991245,0.01967470407352335
2017-07-12,0.00894868083727129,0.009743572937404488,0.010537667473499473,0.011262517709950766,0.013299625959836959,0.016289573204651242,0.01972581245774141,0.019738974461462607
2017-07-13,0.008571533360683977,0.009355211239686646,0.01013812676408,0.010897317179146708,0.013015847877991185,0.01608756792912764,0.01959279007101485,0.019631703589834477
2017-07-14,0.008321602179392307,0.009097696741372428,0.009873053195388403,0.01065462783555916,0.012827093926774523,0.015953391664123434,0.019504617716835287,0.01956073963601572
2017-07-17,0.008392303319385614,0.009170555313075444,0.009948062266136846,0.010723334860579078,0.012880545376151452,0.015991372759980194,0.0195295617391628,0.019580804154221466
2017-07-18,0.008423658858641441,0.00920286457028501,0.009981322185308533,0.010753792273416975,0.012904236576931485,0.01600821084584032,0.01954062385921769,0.019589705157943886
2017-07-19,0.008447801001977786,0.009227739732565323,0.010006928021370754,0.010777237146671833,0.012922471626666595,0.016021172659157354,0.019549140948983933,0.019596559521036762
2017-07-20,0.008471831559094877,0.009252498801723859,0.010032413274983809,0.01080056867897148,0.012940617251111033,0.016034072279030972,0.019557618524984985,0.0196033831109583
2017-07-21,0.008540742582960618,0.00932349274382057,0.010105483497910447,0.010867447598049074,0.012992623935357156,0.016071051126246873,0.01958192835852416,0.019622955747170504
2017-07-24,0.008302256919260407,0.009077759482934688,0.009852525845684187,0.010635820725308725,0.012812460803128329,0.015942995837733717,0.01949779230700934,0.019555250943120498
2017-07-25,0.00853724835105834,0.009319893115685953,0.010101778808771259,0.010864057390607102,0.012989987878317353,0.016069176512206768,0.01958069572280695,0.019621963109241004
2017-07-26,0.008562907963178169,0.009346326146224024,0.010128982799322638,0.010888950658932379,0.013009343022691904,0.016082941467106322,0.01958974741199549,0.019629252913050583
2017-07-27,0.0085828878542064,0.00936690737797881,0.010150163462876827,0.010908329909048775,0.013024409875561352,0.01609365776645164,0.019596795405571,0.019634929844727377
2017-07-28,0.008608106060148647,0.009392883480289119,0.010176895058789907,0.010932785089257841,0.013043421874853675,0.01610718140631776,0.019605691092228747,0.019642096046252132
2017-07-31,0.008692038984001409,0.00947933001166088,0.01026584725405907,0.011014138981047788,0.013106658103003169,0.01615217358178938,0.019635297144388743,0.01966595428065794
2017-08-01,0.008717573366824601,0.009505626384430983,0.010292903216446825,0.011038876709530574,0.013125883611149938,0.01616585573859615,0.01964430364973124,0.019673214719056486
2017-08-02,0.008655151312108124,0.009441339316108067,0.01022675701586556,0.010978392248108938,0.013078874147229955,0.01613240340669967,0.019622285805062062,0.019655467463085143
2017-08-03,0.008682435625010759,0.009469439744770934,0.010255670983991553,0.011004833784586662,0.01309942597812036,0.01614702712060332,0.01963190979781858,0.019663223930072738
2017-08-04,0.008709826034754595,0.009497647992240756,0.010284694491610763,0.011031371683031714,0.013120051055177814,0.016161704737540028,0.01964157102294757,0.019671011736652894
2017-08-08,0.008834190352499122,0.009625707340952618,0.010416437278183779,0.011151783788985228,0.013213613702363645,0.0162283101140423,0.01968543475668646,0.019706386607117918
2017-08-09,0.008862327240626244,0.009654676048678416,0.010446235207693132,0.011179007976368715,0.013234762703982633,0.016243370791961243,0.01969535818791341,0.01971439339869209
2017-08-10,0.008617166517004622,0.009402215935203878,0.01018649865030278,0.010941570066456264,0.013050251168907366,0.01611203959798721,0.019608887116029105,0.01964467098021794
2017-08-11,0.008369466988240926,0.009147023191012751,0.009923836586039929,0.010701147319714551,0.012863285511716104,0.01597910709332815,0.019521505007289462,0.01957432249724051
2017-08-14,0.008358102667996779,0.009135312240589147,0.009911780118873333,0.010690104195150733,0.012854694551348314,0.015973002415059556,0.01951749558873487,0.01957109725631744
2017-08-15,0.008354168742978113,0.009131258266378606,0.009907606481252974,0.010686281198197417,0.012851720398218826,0.015970889073160757,0.019516107662437332,0.019569980839340972
2017-08-16,0.008512568928476408,0.009294468616990723,0.010075611605693867,0.010840109690035366,0.012971366570380628,0.016055934921420396,0.019571989647150984,0.01961495274933119
2017-08-17,0.008517919986431305,0.0092999813243822,0.010081285447674535,0.010845302539204526,0.0129754045516535,0.016058806202490738,0.019573877334774985,0.019616472672983897
2017-08-18,0.008546311412709309,0.009329229496891378,0.010111387640337938,0.010872850424598516,0.012996824849616041,0.016074038637804464,0.019583892829163525,0.019624537774431166
2017-08-21,0.008624043508855258,0.009409299270587118,0.01019378767599902,0.010948237493814775,0.013055434194476334,0.01611572680519483,0.019611312921187167,0.01964662547111514
2017-08-22,0.008650785541578651,0.009436842824768081,0.01022213021675518,0.010974160734776646,0.013075585027658553,0.0161300631888988,0.01962074584965938,0.019654226457306898
2017-08-23,0.008503286205615962,0.00928490534212937,0.010065768672751737,0.010831100834583388,0.012964361097324807,0.016050953711818854,0.01956871497253541,0.019612316175492348
2017-08-24,0.00842420508709163,0.009203427396121788,0.00998190155539642,0.010754322781180546,0.012904649211579805,0.016008504138971688,0.01954081656440858,0.019589860231337568
2017-08-25,0.00842125543909886,0.009200388114955268,0.00997877292803038,0.010751457994835487,0.01290242094214978,0.01600692033437227,0.019539775950408997,0.019589022836493605
2017-08-28,0.008464076498713653,0.009244508760403352,0.0100241890031405,0.01079303974832513,0.012934761917093484,0.01602990960618421,0.019554882686305036,0.019601180926000137
2017-08-29,0.008407817707713964,0.009186541828354811,0.00996451939486567,0.010738405921718654,0.01289226862220097,0.015999704550825097,0.019535035190128683,0.019585208083789198
2017-08-30,0.008512568928476408,0.009294468616990723,0.010075611605693867,0.010840109690035366,0.012971366570380628,0.016055934921420396,0.019571989647150984,0.01961495274933119
2017-08-31,0.008844442149583898,0.009636262393189736,0.010427294637975985,0.011161703831834237,0.013221320251127266,0.01623379790069849,0.019689050425295708,0.01970930377178963
2017-09-01,0.009845633572379948,0.010666082282184552,0.01148565639541184,0.01212610309149453,0.01396940438108336,0.01676772049443537,0.02004202690761916,0.019994995743876948
2017-09-05,0.010319383909577737,0.011152693702572263,0.011985092049058009,0.012579394113855304,0.014320237257002818,0.017018966525737936,0.020208960362895444,0.02013073770970157
2017-09-06,0.01114930796172918,0.012004076469884042,0.012857875428117761,0.013368710050514156,0.014929907781118731,0.017456916921005036,0.020501256170592223,0.02036940249648546
2017-09-07,0.01099455568968484,0.011845426857411615,0.012695338683578068,0.013221992343020225,0.014816703037887579,0.017375466423484268,0.020446766754444918,0.020324815346138253
2017-09-08,0.011040818853317681,0.011892860139571342,0.012743939002320133,0.013265875860505167,0.014850568596866684,0.0173998262576164,0.020463057015185495,0.020338140601148375
2017-09-11,0.011027740679497034,0.011879451616869482,0.012730200999368268,0.013253472316979124,0.014840997102329336,0.01739294083850907,0.02045845196427273,0.02033437332189378
2017-09-12,0.01134196118078226,0.012201514658951473,0.013060086281315008,0.013551063383629158,0.01507053053907539,0.017558179269624583,0.0205690819819387,0.020424963930322414
2017-09-13,0.01134077376812802,0.012200297981787664,0.013058840414118901,0.013549940466211075,0.015069664860306076,0.017557555606312527,0.020568663969434957,0.02042462129434991
2017-09-14,0.011346386940036883,0.012206049468862784,0.013064729864438906,0.013555248643656797,0.015073757008014131,0.01756050375502821,0.020570640007120347,0.020426241033357023
2017-09-15,0.011481171723411012,0.012344136544050699,0.013206110895189575,0.013682625462299418,0.015171931452477553,0.017631256684039177,0.020618086584128403,0.020465149972290705
2017-09-18,0.011563365261861332,0.01242832597471132,0.013292291242198887,0.013760221941957952,0.015231717310617947,0.01767436624674782,0.020647017776730836,0.020488891674767203
2017-09-19,0.011590325528827848,0.012455937958587343,0.013320553328642796,0.013785661184191795,0.01525131406441023,0.017688500565722062,0.020656507095571236,0.020496681578419683
2017-09-20,0.01136732723520958,0.012227505200605834,0.013086699723240242,0.013575048659745143,0.01508902046590563,0.017571500874893148,0.020578011668165162,0.020432284024868866
2017-09-21,0.011389129113660669,0.012249842789539118,0.013109571664884523,0.013595659189210508,0.015104907644421971,0.017582948563313404,0.02058568651143943,0.02043857641147166
2017-09-22,0.011315296959979092,0.012174192601861804,0.013032108064476085,0.01352584442410689,0.015051087961847887,0.017544173064891814,0.020559695115430418,0.020417270340730882
2017-09-25,0.011395604539062692,0.012256477144040583,0.013116364546315349,0.013601779953049214,0.015109625488112986,0.01758634829278567,0.02058796600989641,0.020440445476413643
2017-09-26,0.011395172849451768,0.01225603486190401,0.013115911698448389,0.013601371918878277,0.015109310981162742,0.01758612165233359,0.020587814045583453,0.02044032087152534
2017-09-27,0.01134077376812802,0.012200297981787664,0.013058840414118901,0.013549940466211075,0.015069664860306076,0.017557555606312527,0.020568663969434957,0.02042462129434991
2017-09-28,0.011399597631285684,0.012260568198517879,0.013120553315299661,0.013605554155682854,0.015112534569299634,0.017588444661573856,0.020589371664547773,0.020441598075415065
2017-09-29,0.011470814640457412,0.01233352699976082,0.01319524952235553,0.01367284336803539,0.015164393506225895,0.017625822550344887,0.02061444088180177,0.020462159097156093
2017-10-02,0.011473511840392567,0.012336289966608282,0.013198078091198287,0.01367539092115847,0.015166356639550743,0.01762723775414225,0.020615390301285272,0.02046293796646078
2017-10-03,0.011448588562456388,0.012310758418699067,0.013171939800564678,0.0136518479716238,0.015148213896597701,0.017614159533442433,0.020606617187093723,0.020455741332803402
2017-10-04,0.01126476718800767,0.012122412298698839,0.012979080430735594,0.013478036108116369,0.015014225549075055,0.017517622774051306,0.020541906111223765,0.02040269384789645
2017-10-05,0.011084695817091724,0.011937842922180544,0.012790024704540732,0.013307478360962037,0.014882669273515463,0.017422921586549935,0.020478506523640548,0.020350781757895946
2017-10-06,0.011114735051930433,0.011968637010857104,0.012821571675520404,0.013335950581810512,0.014904635989348613,0.017438728686076516,0.020489083340378147,0.02035943799971683
2017-10-10,0.011138936608713733,0.011993445415874278,0.012846985348267575,0.0133588838180609,0.01492232777598672,0.01745146123574928,0.020497604537609175,0.020366413093806518
2017-10-11,0.011166484534863118,0.0120216826754534,0.01287591015080899,0.013384981715892485,0.014942459275336707,0.017465951419201216,0.020507303780307316,0.02037435379582445
2017-10-12,0.011158814643836142,0.012013821012620152,0.012867857213754118,0.013377716219358411,0.01493685496529643,0.01746191737456874,0.020504603338122714,0.02037214282267042
2017-10-13,0.011168212927354239,0.01202345426705155,0.012877724829482327,0.013386618906786578,0.014943722119248902,0.017466860448852616,0.020507912316671376,0.020374852046768553
2017-10-16,0.011239498330346688,0.012096516160484398,0.012952558624064928,0.013454119665482357,0.014995782636767745,0.01750434163035265,0.02053300995848699,0.020395406011296364
2017-10-17,0.011104146107876082,0.011957782183625627,0.012810451658847154,0.013325914931063098,0.014896893583978684,0.017433157043321122,0.020485354999501715,0.020356386474778748
2017-10-18,0.010753584744097268,0.011598292147511343,0.012442056677488175,0.012993109436150757,0.014639990538369814,0.017248442607634428,0.02036190658914333,0.02025546406222575
2017-10-19,0.010454308726610486,0.01129120027236387,0.01212717036494786,0.012708131273974648,0.014419782263638424,0.017090356267400082,0.020256492584531327,0.02016946305050791
2017-10-20,0.010549307156788632,0.011388698924999306,0.012227162324743624,0.012798676831627116,0.014489770908832725,0.017140576508369622,0.0202899564213337,0.020196746507697913
2017-10-23,0.010518981026836138,0.011357576598855964,0.012195245998260154,0.012769780830668476,0.01446743752933061,0.017124548783890255,0.020279274093838277,0.020188035294755647
2017-10-24,0.010531545169207714,0.011370470827288936,0.0122084694016795,0.012781753453758834,0.014476691285081516,0.017131189535839673,0.020283699820676047,0.0201916441783705
2017-10-25,0.010265501423409073,0.011097370772381467,0.0119283327316122,0.012527937906997437,0.014280437514156339,0.016990436356322764,0.020189976953073716,0.020115280838010393
2017-10-26,0.01026300757854199,0.0110948101204223,0.01192570546115709,0.012525555739424907,0.014278594822667225,0.016989115609950006,0.02018909832499545,0.02011456555990283
2017-10-27,0.010238284602286702,0.01106942418058375,0.011899658431404461,0.012501936928959963,0.014260324063687506,0.016976020904041364,0.020180387871603513,0.020107475119696388
2017-10-30,0.01038235815168695,0.01121734416143779,0.01205141402721551,0.012639500305763456,0.01436671908483088,0.017052295825492406,0.02023114594284424,0.020148808572954167
2017-10-31,0.010201737704819457,0.011031895040855173,0.011861149832495282,0.01246701243036095,0.014233305031284293,0.016956659057105555,0.0201675112969614,0.02009699542652044
2017-11-01,0.01022451238070997,0.011055282123634859,0.011885147585985962,0.012488777465523588,0.014250143717588787,0.01696872527683091,0.020175535543216324,0.020103525732586135
2017-11-02,0.01001794400275833,0.010843121693181655,0.011667411075879233,0.012291199939791645,0.014097243117870278,0.016859207109413972,0.020102749967246883,0.020044325670951206
2017-11-03,0.010045185474872886,0.010871105442207037,0.011696134966371735,0.012317277164881825,0.014117429223464373,0.016873659791202776,0.020112349293701773,0.020052128845653723
2017-11-06,0.010221258986144073,0.011051941308608433,0.01188171959813688,0.012485668578620348,0.014247738575783882,0.01696700172833792,0.020174389276584218,0.02010259281824764
2017-11-07,0.010183516428705956,0.011013183060272333,0.011841948540943604,0.012449595653139725,0.01421982955687483,0.016947003762464198,0.02016109126184275,0.02009177134009818
2017-11-08,0.010186987253188421,0.01101674740565563,0.011845606141486702,0.012452913459975712,0.014222396624033578,0.01694884302511955,0.020162314169405587,0.020092766393321207
2017-11-09,0.010206726625746851,0.011037018200590365,0.011866406850191108,0.012471780573663258,0.014236994043021036,0.016959302409277947,0.020169269064803454,0.02009842585569495
2017-11-10,0.010245875257142418,0.011077218512555553,0.011907655864449217,0.012509189145250225,0.014265934295381845,0.01698004161234508,0.020183062244745302,0.020109651981640875
2017-11-14,0.01027894605936682,0.011111175362115413,0.01194249625965149,0.012540779534223431,0.014290370725845693,0.016997556236385596,0.02019471372128965,0.020119137165456963
2017-11-15,0.010283933396537078,0.011116296134602903,0.011947750091310553,0.012545542778866374,0.014294055069694339,0.017000197196666515,0.02019647083092016,0.020120567758051378
2017-11-16,0.01031504773294685,0.011148241819060597,0.011980524783853901,0.012575254136292794,0.014317035361036571,0.01701667100253834,0.020207432706755832,0.020129493650278277
2017-11-17,0.01033315075758914,0.011166827659774548,0.01199959208450047,0.012592536956519755,0.014330401765318655,0.01702625403744583,0.02021381045802183,0.020134687651282915
2017-11-20,0.010316023379434469,0.011149243503018682,0.011981552432095055,0.01257618565210913,0.014317755807510827,0.017017187505445987,0.020207776432190752,0.020129773562952466
2017-11-21,0.01033726982035856,0.011171056489329288,0.012003930372817113,0.012596468991727611,0.01433344266745636,0.017028434323809717,0.020215261604583628,0.020135869539209546
2017-11-22,0.010324370417055003,0.011157813224437006,0.011990344211627587,0.01258415479220619,0.014323919155455028,0.017021606232963348,0.02021071712770446,0.020132168387907823
2017-11-23,0.010311253514927518,0.011144346325321592,0.011976528299123428,0.012571631459617268,0.014314233515005676,0.0170146623238863,0.02020609598125657,0.020128405104831763
2017-11-24,0.010339871297709718,0.011173727274818945,0.012006670272010966,0.012598952271106426,0.014335363131191,0.01702981129244177,0.020216178103249563,0.020136615998454427
2017-11-27,0.010339437720085434,0.011173282146819547,0.012006213626036431,0.012598538397192686,0.014335043059602783,0.017029581800590977,0.020216025354275777,0.020136491588380694
2017-11-28,0.010241104016035623,0.011072319259865562,0.01190262896217817,0.012504630694849386,0.014262407945553834,0.01697751435175613,0.020181381221694425,0.020108283665564566
2017-11-29,0.010245441511819376,0.011076773131778463,0.011907198881115877,0.01250877475263379,0.014265613729526533,0.01697981186722488,0.020182909426075698,0.020109527588871134
2017-11-30,0.010248152407394937,0.011079556742502033,0.011910055001413873,0.012511364667224842,0.014267617228710158,0.016981247755055655,0.020183864537485316,0.0201103050449918
2017-12-01,0.010212583054535082,0.011043032147828084,0.011872577869184445,0.01247737755544473,0.01424132423720632,0.01696240527768956,0.020171332477139196,0.02010010506863264
2017-12-04,0.010303881722004235,0.011136777682229905,0.011968763359552267,0.012564592592573944,0.014308789429318517,0.017010759492467047,0.020203498844193184,0.02012629023400932
2017-12-05,0.010435564621536216,0.011271960736741842,0.012107436775950855,0.012690256365066644,0.014405963121088054,0.01708044301903513,0.020249889569080286,0.020164081476216733
2017-12-06,0.010358731175524414,0.0111930892140398,0.012026532865462045,0.012616953470140134,0.014349284038179207,0.01703979305700258,0.02022282237238949,0.020142027913930945
2017-12-07,0.010244574018852199,0.011075882366725624,0.01190628490977987,0.012507945960221645,0.014264972590974838,0.016979352373479018,0.020182603787771838,0.02010927880357115
2017-12-08,0.010268320521586459,0.01110026537599222,0.011931302627552131,0.012530630696804452,0.014282520465922589,0.016991929327441178,0.020190970172012684,0.020116089416440806
2017-12-11,0.010361332423087654,0.01119575965316279,0.012029272302392625,0.012619436038770616,0.014351203824648207,0.017041169678594204,0.020223738775555257,0.020142774396886484
2017-12-12,0.010390269423668948,0.011225465456792965,0.012059744759155545,0.012647048804282544,0.014372555912340972,0.017056481756679696,0.02023393298004257,0.020151079213605937
2017-12-13,0.010410967559976125,0.011246712487794392,0.012081539153174906,0.012666795214424587,0.014387824018446214,0.017067432146352084,0.020241224584386937,0.0201570203306985
2017-12-14,0.010641886697793985,0.011483697804437408,0.012324573907079061,0.012886840262169262,0.014557898324815991,0.01718948287464466,0.020322565920128766,0.02022334923967071
2017-12-15,0.010735188415176008,0.01157942051294091,0.012422711023072495,0.012975614814031205,0.01462647803881847,0.017238735599454883,0.020355427525075964,0.020250173464238942
2017-12-18,0.010712028696622014,0.011555661460458048,0.012398354261159126,0.012953586026608637,0.01460946233048866,0.01722651318848544,0.02034727070104063,0.020243513740021844
2017-12-19,0.0108104962985766,0.01165666986295058,0.012501896601735,0.013047212477010232,0.014681773713278229,0.017278463864875297,0.020381949896925138,0.020271834708159464
2017-12-20,0.011233342694747397,0.012090207522315103,0.0129460973772065,0.013448292624909267,0.014991288950479641,0.017501105874286944,0.0205308427802498,0.020393630810429005
2017-12-21,0.011776807756840528,0.01264688805068986,0.013515960359446914,0.013961444574906017,0.0153866795028284,0.017786184973867566,0.020722138762097345,0.020550596257410333
2017-12-22,0.011795017047383574,0.01266552986069,0.013535033644660941,0.013978592477847747,0.015399880193096571,0.017795715835920163,0.02072854695438328,0.020555863867753325
2017-12-27,0.011885288866119092,0.012757936010605157,0.01362956900836032,0.014063558616606247,0.015465276735451968,0.017842944562815682,0.020760314008212218,0.02058198583970816
2017-12-28,0.012039254246686185,0.01291550372512644,0.013790730557068916,0.014208306024126025,0.015576641150256624,0.01792341930884843,0.020814490114457185,0.020626569611035553
2017-12-29,0.012007069661552312,0.01288257007278771,0.01375704959047746,0.014178065946772147,0.015553379961824848,0.017906605119349276,0.02080316578121473,0.02061724670609126
2018-01-02,0.012031289233531493,0.012907353528335254,0.01378239560928719,0.014200823102980088,0.015570885387108872,0.01791925854551229,0.02081168760397089,0.020624262228473998
2018-01-03,0.012091235598180108,0.012968690475210494,0.013845119901160795,0.014257127133438564,0.01561419000043405,0.01795056689987648,0.020832779472808934,0.02064163063055722
2018-01-04,0.012102426794117521,0.012980140469838407,0.013856828094975671,0.014267634773749153,0.015622270702711678,0.01795641011472761,0.020836716940674554,0.020644873735303847
2018-01-05,0.012446945456322142,0.013332502114202503,0.014217015012902798,0.014590558298933807,0.01587046320752144,0.018136039061509242,0.020957914737660538,0.020744812750511037
2018-01-08,0.012538045844469955,0.013425636149754056,0.014312178255562179,0.014675769232798643,0.0159359072501344,0.01818345583487974,0.02098995752988506,0.02077127209847145
2018-01-09,0.012967724659007333,0.013864678931326535,0.014760565432822153,0.015076656676732168,0.016243529843898763,0.018406634128604955,0.02114105870676612,0.020896253619466704
2018-01-10,0.012740318958524956,0.013632364278773602,0.014523351903978021,0.014864697283315131,0.01608093736889674,0.018288613643878453,0.021061095220822827,0.020830069622908377
2018-01-11,0.01295378622468103,0.013850442649641671,0.0147460319030651,0.015063678513411786,0.01623357798587087,0.018399406469890956,0.021136157884983894,0.020892194521440716
2018-01-12,0.012969440102136867,0.013866431003938473,0.014762354061325833,0.015078253814445114,0.01624475452149777,0.01840752360130102,0.02114166186135852,0.02089675320659008
2018-01-15,0.013226616377725594,0.014129030577075354,0.015030366309588422,0.015317390843112766,0.016428042960897567,0.018540732775992313,0.021232076785474424,0.020971705740991685
2018-01-16,0.013351246568959729,0.014256240180996606,0.015160150472077433,0.0154330620603705,0.01651664222755459,0.018605187742568394,0.021275886337850658,0.021008068069877678
2018-01-17,0.013446923211235253,0.014353875350439048,0.015259740572577101,0.015521764733448417,0.016584559008019643,0.01865462463227714,0.02130951539305397,0.02103600042801718
2018-01-18,0.013393631594711283,0.014299495161280793,0.015204273799832134,0.015472367925332192,0.01654674022384141,0.018627093163259917,0.021290784411045552,0.021020440300278935
2018-01-19,0.013416319451643139,0.014322647170372547,0.01522788910998882,0.015493400819724902,0.016562844107287894,0.018638815601007684,0.02129875885199957,0.021027064139135236
2018-01-22,0.01349153768898314,0.01439939666356508,0.015306167082939349,0.015563098586710365,0.016616199354134033,0.018677664158717446,0.02132519593553104,0.021049030643511712
2018-01-23,0.01350833280748568,0.014416532099087316,0.015323642225190968,0.015578653993506681,0.01662810548459884,0.018686335222120355,0.021331098735428752,0.021053936728848758
2018-01-24,0.013693962433531869,0.014605884410922908,0.015516710710505983,0.015750409420300447,0.016759521255047066,0.018782093988887694,0.021396334889775763,0.02110819310667493
2018-01-25,0.0136396573262518,0.014550497598281895,0.015460244053405438,0.01570019584385494,0.016721109942512673,0.01875409519333699,0.021377251315818704,0.021092314684031388
2018-01-26,0.013634418575304511,0.014545154174829135,0.015454796138902539,0.015695350367248513,0.016717402969405524,0.018751393525503337,0.021375410303134376,0.021090783171985303
2018-01-29,0.013618167017352533,0.014528577543733377,0.0154378949997377,0.015680317216236212,0.01670590161035252,0.018743011725998883,0.021369699099644972,0.02108603243532904
2018-01-30,0.013612500093004017,0.014522797138239202,0.015432001310910317,0.015675074581314237,0.01670189049379913,0.018740088728118266,0.021367707583989055,0.021084375955574726
2018-01-31,0.013606619178836224,0.014516798387756645,0.015425884929816412,0.015669633666894486,0.016697727591065904,0.018737055211530563,0.021365640857111352,0.021082656981969594
2018-02-01,0.013608009226295266,0.01451821629413293,0.015427330646449945,0.015670919742044015,0.016698711588802324,0.0187377722444795,0.021366129361677973,0.021083063283459547
2018-02-02,0.013630248874224638,0.01454090112088172,0.015450459876757545,0.015691493506759788,0.016714452276854135,0.018749243093131904,0.021373944972838232,0.021089564221980196
2018-02-05,0.013690435118545504,0.014602287019948887,0.01551304336330457,0.015747148686985117,0.01675702714900671,0.0187802757418674,0.021395095366299306,0.02110716159523173
2018-02-06,0.013706574826012452,0.01461874715958662,0.015529823388398024,0.015762067679651715,0.016768438303885053,0.018788594948817332,0.02140076694619432,0.02111188158598491
2018-02-07,0.013965407550308801,0.014882645150712043,0.015798778321209354,0.01600099675746446,0.01695110133440666,0.018921860180562154,0.021491712475446165,0.02118763580517794
2018-02-08,0.01378939372158818,0.014703201854465796,0.015615911128101572,0.015838584999675685,0.016826954348979496,0.018831266660151006,0.02142986883705763,0.02113610849448796
2018-02-09,0.013786188369235002,0.01469993345500067,0.01561257978654534,0.01583562471032577,0.016824690804435962,0.018829615668085,0.02142874253683215,0.021135170622915977
2018-02-12,0.01359539157287058,0.014505345615480182,0.015414207385141454,0.01565924521026528,0.016689779034115733,0.01873126333913509,0.021361695118804147,0.02107937534699984
2018-02-13,0.013498919129911037,0.014406927745052565,0.015313847536333846,0.01556993549346802,0.016621432417417967,0.018681475229958746,0.0213277902207039,0.021051186805995444
2018-02-14,0.013493142369638618,0.014401033884712679,0.0153078367861182,0.015564584931363258,0.016617337034308566,0.018678492682042865,0.021325759918707835,0.021049499372465644
2018-02-15,0.01348672358173604,0.014394484901722656,0.015301157842078004,0.015558639350834548,0.016612786121205418,0.018675178490150157,0.02132350395886992,0.021047624463385907
2018-02-16,0.013433547928765444,0.014340227403781675,0.015245820457644615,0.015509369423040344,0.01657506966385774,0.018647715825506735,0.021304814309852496,0.021032094657143986
2018-02-20,0.013405189831130902,0.014311289990349207,0.015216304787166492,0.015483083636035854,0.01655494488939824,0.01863306538130785,0.021294846974961423,0.021023814680731216
2018-02-21,0.01319994728885752,0.01410180539089528,0.015002586089730418,0.015292620430691406,0.01640906495269194,0.018526931881621155,0.021222701619019787,0.020963928079330823
2018-02-22,0.01314027907489228,0.014040887709426908,0.014940421352275305,0.015237176737604274,0.016366580147048036,0.018496043608235868,0.021201725349970616,0.020946530976282244
2018-02-23,0.013129886487667495,0.014030276752765001,0.014929592450688364,0.015227516628584544,0.016359177015707736,0.018490662184929545,0.021198071753636215,0.020943501477464013
2018-02-26,0.013097205800483153,0.013996907936062048,0.014895536848073106,0.015197132889704784,0.016335890391178356,0.018473736737611244,0.021186582409414248,0.02093397603964562
2018-02-27,0.01303311716765637,0.013931463494427386,0.014828739270737681,0.015137520454758115,0.016290194856608337,0.018440532044226042,0.021164050334657805,0.020915301282514214
2018-02-28,0.0130210048312931,0.013919093974568747,0.014816113078269145,0.015126249889271803,0.01628155435634944,0.018434254645013103,0.02115979179414803,0.020911772640887942
2018-03-01,0.013016824324088197,0.013914824632204018,0.01481175507749337,0.015122359604765963,0.016278571814355165,0.018432087892539473,0.02115832197281215,0.02091055480591234
2018-03-02,0.012932126420637617,0.013828319213999754,0.014723445771836983,0.01504350742892982,0.01621810955049517,0.018388173351341717,0.02112854208801982,0.020885887474896763
2018-03-05,0.01299195414572307,0.013889425227323445,0.014785827502038594,0.015099212697672915,0.01626082503293219,0.018419196197425665,0.02114957778848589,0.020903310405987995
2018-03-06,0.012853190838925155,0.013747685892471578,0.014641118170464859,0.014969961155913423,0.016161700114316776,0.018347219552060492,0.021100786504549763,0.020862909067250475
2018-03-07,0.01311113582375926,0.014011131539502373,0.01491005345736013,0.015210085037123539,0.01634581745888945,0.018480951693418467,0.02119147973555298,0.02093803600556543
2018-03-08,0.01298938122010105,0.01388679747876682,0.014783145040223652,0.015096817730568932,0.01625898872116359,0.01841786234944383,0.02114867315595604,0.02090256100063427
2018-03-09,0.012892554654609947,0.013787897932489291,0.014682176699810761,0.015006644492910885,0.016189837839544315,0.01836764575294962,0.021114627945681058,0.020874366712556665
2018-03-12,0.012951856223210215,0.013848471375089986,0.014744019438601865,0.01506188133772713,0.01623219984645817,0.018398405619869457,0.021135479282891216,0.02089163249912944
2018-03-13,0.012847720147476496,0.013742097066394128,0.014635411452392898,0.014964861877232543,0.016157788448069855,0.018344380255249832,0.02109886282031663,0.02086131691359388
2018-03-14,0.012836027463696036,0.013730151684875224,0.01462321389295861,0.014953962114640215,0.016149426977414935,0.01833831131739809,0.021094751241515133,0.020857914118896096
2018-03-15,0.01272615254840928,0.013617888570601044,0.014508567546444348,0.014851477581021217,0.016070792503126766,0.01828125434394947,0.0210561133752313,0.020825949474173253
2018-03-16,0.01267881775045144,0.01356951733634944,0.014459162061269452,0.014807292860023311,0.0160368814216648,0.018256658364779306,0.021039466942840288,0.020812185062228712
2018-03-19,0.012632976683247005,0.013522668189264855,0.014411306976900507,0.014764483110891704,0.01600402047053673,0.018232829676498103,0.02102334524431514,0.0207988585404084
2018-03-20,0.012719176355040633,0.013610759914301301,0.014501286747566108,0.014844966921523334,0.01606579601278691,0.01827762997868007,0.021053660065020026,0.020823920644999702
2018-03-21,0.012754269902559697,0.013646619416741453,0.014537910599456567,0.01487771413994212,0.016090926097425698,0.01829586019555544,0.021066001241656286,0.02083412743012068
2018-03-22,0.012639525946931867,0.013529361738218188,0.014418144503434765,0.014770600458969465,0.016008716483102113,0.01823623459006228,0.021025648568445417,0.020800762273540788
2018-03-23,0.012624172471503414,0.013513669876440695,0.014402114977450167,0.01475625891360622,0.01599770696230001,0.018228252151398564,0.02102024885470571,0.020796299452992748
2018-03-26,0.012523115498520549,0.013410373667153013,0.014296584357067595,0.014661809244585787,0.015925187006569703,0.018175687108608625,0.020984706222856267,0.020766934766088527
2018-03-27,0.012558130519396582,0.013446166908226273,0.014333154132302522,0.014694545377375712,0.015950325104091247,0.01819390506073021,0.02099702162533058,0.020777107366787326
2018-03-28,0.012540731059359742,0.013428381051159934,0.01431498271414567,0.014678279715430644,0.015937835059324383,0.018184852938093892,0.020990901968367986,0.02077205220445249
2018-03-29,0.012540623651344424,0.013428271255978362,0.014314870536969664,0.014678179297920183,0.01593775794866705,0.01818479705484169,0.020990864191069828,0.020772021000153372
2018-04-02,0.01277165378140893,0.013664381787786182,0.014556050673011764,0.014893931608304397,0.01610337021896445,0.018304888786484185,0.02107211442305687,0.02083918420019964
2018-04-03,0.01293587949830231,0.01383215269556853,0.01472735949470997,0.015047002855928523,0.016220790141462674,0.018390119897194943,0.021129861715533726,0.020886980265408858
2018-04-04,0.012799122015064732,0.013692446819975376,0.014584711263517453,0.014919551210130253,0.01612302737810885,0.018319152282015104,0.02108177368383624,0.020847175412474016
2018-04-05,0.012813927795162416,0.013707573644840156,0.014600158468497422,0.014933357710577024,0.016133619940850767,0.018326839212170442,0.021086980082747557,0.020851483310988378
2018-04-06,0.0128257288443595,0.01371963026466219,0.014612470131107409,0.01494436085198162,0.01614206134396066,0.01833296547920316,0.021091129836744445,0.020854917211195867
2018-04-09,0.012895343124746399,0.013790746369475942,0.014685084981465138,0.015009242548281496,0.016191830519724986,0.018369092467638747,0.021115608435566036,0.020875178451340057
2018-04-10,0.012962685473223209,0.013859532110117392,0.014755311192573072,0.015071964863264595,0.01623993214244752,0.018404021194438753,0.021139286910397577,0.020894786089678905
2018-04-11,0.0129678318745656,0.013864788436411448,0.014760677222833217,0.01507675649896099,0.01624360638731762,0.018406689721196186,0.02114109640407887,0.02089628484362449
2018-04-12,0.012964615386782737,0.013861503252157587,0.014757323480185583,0.01507376176703417,0.01624131002275481,0.018405021911690998,0.021139965475954203,0.020895348121061304
2018-04-13,0.013201875275332004,0.014103773628178655,0.015004594500635033,0.01529441137386703,0.016410437153203294,0.018527929688466126,0.021223379383677347,0.0209644903095594
2018-04-16,0.01337318925877913,0.014278633706352777,0.015182993998221326,0.015453412721667045,0.01653222605121487,0.018616529099699124,0.02128359911767259,0.021014472788436545
2018-04-17,0.013626292935980775,0.014536866069783556,0.015446345850257899,0.01568783422369547,0.016711652701483226,0.01874720283666289,0.021372554759429334,0.021088407789247164
2018-04-18,0.013631745698459208,0.014542427870951684,0.015452016500704973,0.015692878046955825,0.01671551152476269,0.018750015055994277,0.021374470992358924,0.02109000179290372
2018-04-19,0.01355496777711612,0.014464108981502521,0.015372159344129091,0.015621833112763196,0.016661151218668263,0.01871040593178579,0.021347488626318415,0.021067561916595826
2018-04-20,0.013634418575304511,0.014545154174829135,0.015454796138902539,0.015695350367248513,0.016717402969405524,0.018751393525503337,0.021375410303134376,0.021090783171985303
2018-04-23,0.013514109196963957,0.014422425400517351,0.015329652229481789,0.015584003408722092,0.01663219977484778,0.018689317210039177,0.021333128883322283,0.021055624200638935
2018-04-24,0.013507370062197026,0.014415549861518388,0.015322640530230957,0.015577762381901512,0.01662742306248563,0.01868583820342977,0.021330760371749045,0.02105365548496495
2018-04-25,0.013553577417857308,0.014462690605140488,0.015370713000249434,0.015620546073197582,0.016660166301948495,0.01870968842793687,0.021346999992167402,0.021067155647278908
2018-04-26,0.013500523760518014,0.014408564890760457,0.015315517138830356,0.015571421683317772,0.016622569950081992,0.018682303677697708,0.021328354183080468,0.021051655540113626
2018-04-27,0.013522345656595573,0.014430828444202038,0.015338221559795296,0.015591630524218813,0.016638037210651137,0.018693568935594623,0.021336023622478745,0.021058030435578946
2018-04-30,0.013583628747191595,0.014493346611187523,0.015401972616602637,0.015648360296580593,0.016681450289128277,0.0187251947997078,0.02135756125055152,0.02107593750270041
2018-05-01,0.013706574826012452,0.01461874715958662,0.015529823388398024,0.015762067679651715,0.016768438303885053,0.018788594948817332,0.02140076694619432,0.02111188158598491
2018-05-02,0.013727843352516039,0.01464043712314752,0.015551934073510028,0.01578172392484897,0.0167834718824079,0.01879955612860032,0.021408240712541292,0.021118102144913074
2018-05-03,0.013698986094269753,0.014611007830734116,0.015521933719092733,0.01575505321383397,0.0167630731987385,0.01878468347613461,0.02139810023391472,0.0211096622384139
2018-05-04,0.013735110550737084,0.014647848107304637,0.015559488600411776,0.01578843927396996,0.016788607690799904,0.018803300994400467,0.021410794379909226,0.021120227808335015
2018-05-07,0.013670232209162164,0.014581682251603913,0.01549203742490917,0.015728470440204975,0.01674273973352899,0.018769860613191976,0.021387995855686293,0.0211012539525524
2018-05-08,0.013717583397898147,0.014629973983499522,0.015541268093291045,0.015772242254571005,0.016776220207448896,0.018794268684340143,0.021404635376878388,0.02111510124759565
2018-05-09,0.013713201406472138,0.014625505146233866,0.015536712557701643,0.01576819237116069,0.016773122737661468,0.018792010299914827,0.021403095541663728,0.021113819628379667
2018-05-10,0.013768451299557966,0.014681847125541768,0.015594144780755135,0.01581924200941327,0.016812163539410088,0.018820478990594667,0.021422510015315845,0.021129981148055425
2018-05-11,0.013789714254429875,0.014703528690804322,0.015616244257441953,0.01583888102120705,0.016827180696379,0.018831431755742603,0.021429981466085383,0.021136202281892145
2018-05-14,0.013905291381728562,0.014821364879046362,0.0157363358056994,0.015945558325865288,0.01690873300005489,0.01889093336469884,0.02147059120555482,0.021170031201164362
2018-05-15,0.014050590354194401,0.014969464640028603,0.015887231938608408,0.016079494343204312,0.01701107710235469,0.018965656399756833,0.02152163899258412,0.021212591399286183
2018-05-16,0.01407470921205066,0.014994044181613056,0.015912271456269764,0.016101708182198922,0.017028046229313885,0.018978051389787656,0.021530112096804777,0.02121965960104121
2018-05-17,0.01419793295130711,0.015119602734704703,0.016040161321144143,0.01621511537545306,0.017114655314525634,0.01904133922340985,0.0215733988804193,0.021255786469897515
2018-05-18,0.014104907661904482,0.015024817738417719,0.015943619244234427,0.016129513854174726,0.017049284915379284,0.01899356728996591,0.021540720775441988,0.02122851085021911
2018-05-22,0.014205718950962419,0.015127535203081705,0.016048240043335136,0.016222276398870746,0.017120122920524478,0.01904533596030509,0.02157613385427434,0.021258070036768505
2018-05-23,0.014274928358334937,0.01519804102987261,0.016120040412558476,0.016285905797744298,0.017168698793424676,0.019080851483580318,0.02160044418734006,0.0212783730537159
2018-05-24,0.014343371245920188,0.015267756187359358,0.016191026042693756,0.01634878691836983,0.01721669167271224,0.019115953678061265,0.02162448398507404,0.021298459153640623
2018-05-25,0.014393358202693714,0.015318666183491902,0.016242857802637498,0.016394684471012805,0.01725171476013632,0.019141577843407497,0.021642040532958505,0.021313133944026258
2018-05-28,0.014497774226856535,0.015424993528247437,0.016351093904582933,0.016490483609939557,0.01732479613866423,0.01919506902316403,0.02167871158794231,0.0213438012278079
2018-05-29,0.01449628289635206,0.015423475059052269,0.016349548332346437,0.016489116062192548,0.017323753082706297,0.019194305357284745,0.021678187851623055,0.02134336309001409
2018-05-30,0.014559123608096013,0.015487455304187662,0.016414666632899,0.016546723016893562,0.017367686223556007,0.019226476010015602,0.021700256181651747,0.021361828316302976
2018-05-31,0.014496069848363439,0.015423258133715314,0.016349327534756212,0.016488920695835595,0.01732360407243195,0.01919419626099065,0.021678113031827324,0.021343300498980526
2018-06-01,0.014518012775134282,0.01544559991188632,0.01637206764255213,0.01650904028787341,0.01733894913601248,0.0192054316447681,0.021685819048512685,0.021349747480279763
2018-06-04,0.014476894737315501,0.015403733659473888,0.016329454158228302,0.01647133527378209,0.017310190813226673,0.019184376398283975,0.02167137892102558,0.021337667387689385
2018-06-05,0.014498519888554603,0.015425752757487705,0.016351866683551274,0.016491167372819797,0.01732531765616781,0.019195450850735936,0.02167897345462482,0.02134402029707154
2018-06-06,0.014244005254340782,0.015166539909190258,0.016087962106430327,0.0162574813405715,0.01714700050650097,0.01906498548278948,0.021589582372788886,0.02126930056761049
2018-06-07,0.014144810626389868,0.015065477724191036,0.015985035111526363,0.016166242196810465,0.01707733549212556,0.01901406342942105,0.021554738256224712,0.021240208873812685
2018-06-08,0.014170733259028553,0.015091890379158772,0.01601193705903904,0.016190094586652486,0.01709555018260615,0.019027374965055677,0.021563844364174675,0.021247809835383782
2018-06-11,0.014246671199347256,0.015169255764485698,0.016090727799880404,0.016259932220255364,0.01714887152058204,0.01906635348339153,0.021590518802683027,0.02127008266195354
2018-06-12,0.014272369359253429,0.015195434273235199,0.016117385966699427,0.016283553906296683,0.017166903528058504,0.019079538668352027,0.021599545342698714,0.021277622211352737
2018-06-13,0.01433505681854469,0.015259287724754312,0.0161824037600595,0.016341150445954095,0.017210863897063576,0.019111690531837332,0.021621563704034848,0.021296018676608453
2018-06-14,0.014137876104808777,0.01505841188110733,0.015977838143586706,0.016159860430744487,0.017072461823168412,0.019010501999554494,0.021552302264863016,0.02123817574473767
2018-06-15,0.01383586644009992,0.014750586274938469,0.015664205742251153,0.015881494068290414,0.01685976133051865,0.01885519865899655,0.02144619815778343,0.021149708136918986
2018-06-18,0.013826358973264254,0.014740892653705364,0.015654326273001836,0.015872717274395744,0.016853051291928874,0.01885030335149782,0.021442857525732568,0.021146925604516024
2018-06-19,0.013770267807695533,0.01468369943231785,0.015596032826236967,0.015820919945320453,0.016813446632597866,0.018821414766927034,0.021423148311044256,0.02113051259398083
2018-06-20,0.013766207358446914,0.014679558952794642,0.015591812450463805,0.015817169205379608,0.01681057848507646,0.018819323002456735,0.021421721524338588,0.021129324658020778
2018-06-21,0.013770908924878106,0.01468435318262127,0.015596699188518397,0.015821512147673366,0.016813899479183048,0.018821745035887596,0.021423373590502892,0.021130700163475256
2018-06-22,0.013748041335820879,0.01466103446625707,0.015572930102136527,0.015800386934961788,0.016797744779003462,0.01880996381759645,0.021415338175869617,0.02112401029588959
2018-06-25,0.013833516315396923,0.014748190152622223,0.015661763697950547,0.015879324633963982,0.016858102774333097,0.018853988636809024,0.021445372398379976,0.021149020316243154
2018-06-26,0.014138196164148093,0.015058738003720604,0.015978170320384587,0.016160154987703533,0.017072686774990232,0.019010666380032466,0.021552414697102562,0.021238269581000176
2018-06-27,0.014138196164148093,0.015058738003720604,0.015978170320384587,0.016160154987703533,0.017072686774990232,0.019010666380032466,0.021552414697102562,0.021238269581000176
2018-06-28,0.014137876104808777,0.01505841188110733,0.015977838143586706,0.016159860430744487,0.017072461823168412,0.019010501999554494,0.021552302264863016,0.02123817574473767
2018-06-29,0.014238566632813556,0.01516099942312943,0.01608231990326814,0.01625248125615314,0.0171431833615675,0.019062194620028405,0.021587672016857164,0.02126770510482054
2018-07-03,0.014242832228963435,0.015165344918428317,0.016086745182051325,0.01625640292389608,0.017146177232085898,0.019064383548064563,0.02158917033965629,0.021268956447087487
2018-07-04,0.01429742502639266,0.015220956958219036,0.016143375003980432,0.01630657913521704,0.017184478634619887,0.019092391506856335,0.021608346031561095,0.021284974333197114
2018-07-05,0.014359572874516495,0.015284257558342984,0.016207826739209164,0.01636366563477823,0.017228045872431295,0.019124260071054573,0.021630174437857735,0.02130321504225513
2018-07-06,0.014390161061196715,0.01531541016051248,0.01623954297882193,0.01639174957835196,0.01724947541586755,0.019139939251902435,0.02164091764517562,0.021312195225217462
2018-07-09,0.01590940981128126,0.016860225905173026,0.017809901921733446,0.017775645942606538,0.018302499787000506,0.019913657027817527,0.022174184616529393,0.02176022300758565
2018-07-10,0.016143499220789823,0.0170978215255966,0.018051002694487013,0.017986952664814905,0.018462761319949575,0.020031989206486186,0.022256294592232148,0.021829607767436067
2018-07-11,0.016160105073254768,0.017114671674376785,0.018068097091143032,0.018001922659980032,0.018474109616978412,0.020040374428195732,0.022262118732916367,0.021834533382180422
2018-07-12,0.015885585470169748,0.016836038193732708,0.017785350986997028,0.017754111260065184,0.018286159245790343,0.019901600504627286,0.022165827052240288,0.021753166703324178
2018-07-13,0.015895433161305234,0.016846036228518317,0.01779549930377814,0.017763013180232202,0.01829291421095866,0.01990658431580648,0.022169281635500825,0.021756083278459324
2018-07-16,0.01595228745625974,0.016903754487001387,0.017854081194066035,0.017814389290011313,0.01833189457890523,0.01993534945270741,0.022189225668396057,0.02177292499180658
2018-07-17,0.016062039246848823,0.01701515465494191,0.017967129215919513,0.01791347956314337,0.018407053201534095,0.019990838169588028,0.022227723162913274,0.021805452074618162
2018-07-18,0.016062991542009637,0.01701612114069946,0.01796810988840662,0.017914338851852892,0.01840770482345308,0.01999131940582618,0.022228057183506147,0.02180573439679792
2018-07-19,0.01603526756910823,0.01698798325067701,0.01793955819859857,0.017889319045612966,0.018388730661752686,0.019977307663780402,0.022218332806844265,0.021797515849824572
2018-07-20,0.015960862033463433,0.01691245876870058,0.017862915133817065,0.01782213501554038,0.018337770732021107,0.01993968650022814,0.022192233483203386,0.021775465486861382
2018-07-23,0.01608552805086699,0.017038992913656077,0.017991316837333234,0.017934671815069376,0.018423123172549374,0.020002706936804733,0.02223596186238796,0.021812416139688463
2018-07-24,0.01610425390330299,0.017057996519095064,0.018010598127495604,0.01795156305877432,0.018435930684333756,0.020012167294016097,0.022242529845562985,0.021817968746138047
2018-07-25,0.016213404977997198,0.017168751730533564,0.01812295716712559,0.018049954291085968,0.018510516078692377,0.020067280427336208,0.022280811989835825,0.02185034637784039
2018-07-26,0.016207271884237717,0.017162529174748843,0.01811664516260211,0.018044428775990332,0.018506328289576077,0.020064185046613413,0.022278661041630732,0.021848526563804146
2018-07-27,0.016201244374987153,0.017156413665516276,0.01811044166691541,0.018038998038186402,0.018502212236603793,0.020061142795166655,0.022276547112872143,0.021846738142225437
2018-07-30,0.016284663828540016,0.017241044139716298,0.018196283015961455,0.018114127691102818,0.018559145918400237,0.020103232870650613,0.022305802533823877,0.021871495102844203
2018-07-31,0.016279166895081805,0.017235467862569534,0.018190627401984658,0.018109179046417793,0.0185553963662003,0.020100460272688726,0.022303874804991054,0.021869863369777948
2018-08-01,0.016168460433592664,0.017123149732193477,0.01807669782340271,0.018009453938431196,0.018479818577973935,0.020044593062788905,0.02226504916413452,0.02183701192273696
2018-08-02,0.0161676143348865,0.017122291215393416,0.018075826890800728,0.0180086913197996,0.01847924049581779,0.020044165880026433,0.0222647524173136,0.021836760929871142
2018-08-03,0.016186016283387596,0.01714096290313743,0.01809476827001039,0.018025276114972108,0.018491811724407885,0.020053456050405295,0.022271206370430105,0.021842220096762642
2018-08-07,0.016302845061524816,0.017259487344614056,0.01821498817285162,0.01813049340377818,0.018571545537821,0.020112402364743945,0.022312178480510092,0.02187689246987562
2018-08-08,0.016321553325175358,0.017278464437915076,0.01823423407973719,0.018147330244275242,0.01858430120928182,0.02012183615824486,0.022318739153762805,0.021882446891223213
2018-08-09,0.016443806748257617,0.017402456193754266,0.01835996417409404,0.018257272584896997,0.01866757151527679,0.02018344589580237,0.022361608949474716,0.021918758456489322
2018-08-10,0.016467784914647513,0.01742677156224932,0.018384616768373687,0.01827881945426746,0.01868388651664994,0.02019552207335621,0.022370016720523495,0.021925883462676973
2018-08-13,0.0166317625383023,0.0175930222154791,0.018553140811587834,0.018426023686452943,0.01879530713521162,0.020278039211090892,0.022427509949619062,0.021974635445559772
2018-08-14,0.016563883825311248,0.017524209560722863,0.018483394023846158,0.018365119395116796,0.01874921653490983,0.020243895400432692,0.022403711485200394,0.021954448844115532
2018-08-15,0.016588166221496215,0.017548827191453686,0.01850834695070415,0.018386911859680975,0.01876570983288251,0.020256112051672832,0.02241222510970936,0.021961669319936476
2018-08-16,0.01667418977268282,0.017636028192079697,0.018596725680110025,0.018464069292344704,0.018824092784388347,0.020299370390682383,0.022442384395092094,0.021987257043806774
2018-08-17,0.016780645597944902,0.017743919168026957,0.018706052284670857,0.018559455400231926,0.01889624187732145,0.02035285860355468,0.02247970420728524,0.022018940179322256
2018-08-20,0.0169430303421052,0.01790844617967665,0.018872722575001947,0.018704746185161204,0.01900608068095406,0.020434352378408138,0.022536624634554192,0.022067306789929266
2018-08-21,0.016968010539013964,0.017933750897272945,0.018898351999131965,0.0187270743756341,0.01902295443334227,0.02044687857451112,0.022545380234661985,0.02207475127354626
2018-08-22,0.016993409557361866,0.017959478500399573,0.01892440838428842,0.018749770798221876,0.019040104765662362,0.020459611976728877,0.022554282451053655,0.022082321689853267
2018-08-23,0.01701880576714241,0.01798520187008294,0.018950459119463157,0.01877245853373605,0.019057246820148775,0.02047234113726831,0.022563183500201048,0.022089892395962166
2018-08-24,0.01698719180004552,0.017953180432881785,0.01891802995750879,0.01874421521564104,0.019035906901790006,0.02045649506289194,0.02255210317817718,0.02208046832463201
2018-08-27,0.01705526180501945,0.018022125115103173,0.018987849881364424,0.018805015778490336,0.0190818429313231,0.020490608781318257,0.022575960558953147,0.02210076204919246
2018-08-28,0.01709139603616319,0.018058719603607384,0.01902490495124357,0.018837273061487247,0.019106208940492284,0.020508709405863905,0.02258862445924647,0.022111538046465012
2018-08-29,0.01708370613698753,0.018050931990552004,0.01901701955393445,0.018830409282832875,0.01910102457633356,0.020504857806068727,0.022585929424876833,0.02210924456347049
2018-08-30,0.017086023667976426,0.018053278983322214,0.019019396029614055,0.018832477902773488,0.019102587067404857,0.020506018603141433,0.022586741638289953,0.022109935747327197
2018-08-31,0.01711804533641163,0.018085706544370656,0.019052229782340467,0.018861055057819612,0.01912417079085578,0.020522055089344033,0.02259796395506921,0.022119486898774448
2018-09-04,0.017258087591655293,0.01822749792246684,0.01919577174767882,0.01898591758878888,0.019218444714872527,0.020592135360923712,0.022647039753556503,0.022161278608122923
2018-09-05,0.01717607322006352,0.01814446432967703,0.019111718045169413,0.0189128159201652,0.019163257718142847,0.0205511040180943,0.022618299670371877,0.022136799536089137
2018-09-06,0.017094029504041985,0.018061386505091228,0.019027605310608996,0.018839623487394347,0.019107984233080196,0.02051002835742742,0.022589547391603747,0.022112323491958977
2018-09-07,0.01711794000930193,0.01808559988580457,0.01905212179131248,0.018860961076679707,0.019124099813357602,0.020522002348808785,0.022597927042598158,0.02211945547975718
2018-09-10,0.01718913010302886,0.018157684446943927,0.019125101532341822,0.01892445820325812,0.019172048085681133,0.020557638288750586,0.02262287528793553,0.022140695873810234
2018-09-11,0.017213135979662855,0.01818198947962511,0.01914970597616682,0.01894585897997354,0.019188205300409787,0.02056964998487751,0.022631287713784202,0.02214786030790783
2018-09-12,0.01716059353272314,0.01812879064205308,0.019095850199364856,0.018899011202162093,0.019152834040377275,0.020543356290966833,0.02261287494925163,0.022132180589950597
2018-09-13,0.01726050862262079,0.018229948819707076,0.019198252538751365,0.018988074538433024,0.019220072798239524,0.02059334613907822,0.022647888120081755,0.022162001399529542
2018-09-14,0.017284507024184166,0.01825424258497562,0.01922284194501204,0.019009452194289886,0.019236207981311673,0.020605346545874682,0.02265629743928127,0.022169166604941948
2018-09-17,0.017225980197039168,0.01819499324795816,0.019162869435020453,0.018957307079495236,0.019196847784739526,0.020576075736764052,0.022635788670477906,0.022151694015137474
2018-09-18,0.017154064371702544,0.01812217949883714,0.019089157008287602,0.018893187835040057,0.01914843673587734,0.020540088068946423,0.022610586841428894,0.022130232495335536
2018-09-19,0.01718112758554185,0.018149581927374328,0.0191168989273157,0.01891732288320721,0.01916666070102144,0.020553633546394497,0.022620070913827336,0.022138307786751084
2018-09-20,0.017113621556169613,0.018081226821837878,0.019047694075408968,0.01885710772116539,0.019121189613220534,0.020519839923984533,0.02259641361398171,0.022118167304345314
2018-09-21,0.01714279586627841,0.01811076928620018,0.019077604976408948,0.018883136478169388,0.019140846550786895,0.020534447089993992,0.022606637828480897,0.022126870506194128
2018-09-24,0.017228927948659812,0.018197977566312785,0.019165890352441557,0.01895993419807902,0.019198831006436552,0.020577550346128282,0.02263682163472884,0.022152573892848703
2018-09-25,0.01736332618561931,0.018334023065957026,0.019303584708974204,0.019079624944008673,0.019289161326110475,0.020644742214032976,0.022683915437350606,0.022192706758881672
2018-09-26,0.017391942717968855,0.018362985295840215,0.019332893006195707,0.019105087470517534,0.019308371589161474,0.020659038644404736,0.022693942146750908,0.02220125607905172
2018-09-27,0.017420555672744885,0.018391942133132607,0.019362194106429427,0.01913053893136889,0.01932757130784776,0.020673329671695807,0.022703967369306962,0.022209805768373524
2018-09-28,0.017531712492413476,0.018504418059276877,0.01947599071821722,0.019229339003584794,0.019402081875094738,0.020728813729240545,0.02274291156347459,0.022243033617128607
2018-10-01,0.017946521450584996,0.01892391277075965,0.019900178501738808,0.019596982175551225,0.019679047998786288,0.020935382830086068,0.022888210197309175,0.02236722368810235
2018-10-02,0.017981151010765827,0.018958916577220077,0.01993555726742204,0.0196275988457688,0.019702092174525867,0.020952593309925056,0.022900337955357307,0.02237760521130588
2018-10-03,0.018215653792269065,0.019195884782059604,0.02017499613813892,0.01983462090133553,0.019857825056805386,0.021068997840357866,0.02298245505026959,0.02244796220995086
2018-10-04,0.018191333796587085,0.019171314685105592,0.020150175362594176,0.019813175743516064,0.01984169985683702,0.02105693706637396,0.022973939522588145,0.022440661039451883
2018-10-05,0.01827382253168694,0.019254646466361262,0.020234352179760003,0.019885890230672793,0.01989636930163311,0.0210978341736583,0.02300282185895775,0.02246542946183065
2018-10-09,0.01837461306238521,0.01935644686734305,0.02033716500399124,0.019974647931677823,0.019963075330807482,0.02114776386278007,0.023038109663152215,0.02249570967256372
2018-10-10,0.01831112653042668,0.01929232682637029,0.020272409830310634,0.01991875224949613,0.019921070066474804,0.021116319150393744,0.023015882715217657,0.02247663449016061
2018-10-11,0.018362985669646288,0.019344704109795184,0.02032530658028156,0.019964413722668228,0.019955385212683578,0.021142006194066518,0.023034038942621037,0.022492215566432456
2018-10-12,0.01834444345953674,0.019325977314298876,0.020306394722521603,0.019948090496105988,0.01994311895928479,0.02113282318525973,0.023027547281437785,0.02248664401085794
2018-10-15,0.018566222034590008,0.019549914229708226,0.020532495979711334,0.02014310844475661,0.020089605237717266,0.021242557887144114,0.02310518584989916,0.02255332406771218
2018-10-16,0.01854989446893753,0.019533431447176994,0.02051585751630199,0.020128767405854293,0.0200788376911311,0.021234486620791818,0.023099470503965335,0.022548412025146194
2018-10-17,0.01872179815738436,0.019706939919493068,0.02069097583470722,0.020279625254847937,0.02019206794300593,0.021319404400150104,0.023159640270734125,0.022600152004518648
2018-10-18,0.018743446879852507,0.019728786129774547,0.020713020198072266,0.020298603052506636,0.0202063064247962,0.021330089126531913,0.023167217154111453,0.022606671630465397
2018-10-19,0.018386658831881092,0.01936861184013761,0.020349449494162317,0.019985248997372664,0.019971040718228836,0.021153728066020897,0.023042326815156774,0.022499329757269503
2018-10-22,0.018437767678150925,0.019420222913488654,0.020401564148497676,0.020030212382914823,0.020004820697009908,0.021179026287708784,0.023060219251123358,0.022514692242153203
2018-10-23,0.018558267726530915,0.019541884377748737,0.020524390357364093,0.02013612223946604,0.020084359943160816,0.02123862595375411,0.02310240151169244,0.022550931006165446
2018-10-24,0.019015500101862048,0.020003233016321138,0.020989869639837032,0.020536699562808142,0.020384832379245675,0.021464181182503993,0.02326242204905215,0.022688673387450224
2018-10-25,0.019123791162278463,0.020112431379028833,0.02109997911768828,0.020631271706623534,0.020455685717410382,0.021517463811111137,0.023300312462193495,0.022721351195636893
2018-10-26,0.019150829704878063,0.020139692411119348,0.021127463615655626,0.02065486684078256,0.02047335805083505,0.02153075936604764,0.023309772557964542,0.02272951360713355
2018-10-29,0.019211054486401567,0.020200406937647696,0.02118867009700255,0.020707395988673587,0.020512694087225204,0.021560361579159668,0.023330842904942924,0.022747699024588335
2018-10-30,0.019247056413683288,0.020236697791616725,0.021225251221782034,0.020738780443264212,0.020536191233563175,0.02157804972751315,0.023343438096349832,0.02275857324800914
2018-10-31,0.019287851640081524,0.020277816938318878,0.02126669583278259,0.020774327970723712,0.020562800825507484,0.021598085787449726,0.023357709754917584,0.022770898085831937
2018-11-01,0.019094974318956837,0.02008337563141971,0.02107068343591682,0.020606116814471012,0.020436842901460472,0.021503290183128583,0.023290229949746055,0.02271265339578443
2018-11-02,0.01898698281525581,0.019974472487065555,0.02096086488983155,0.0205117758117231,0.020366154086689448,0.021450140970623467,0.023252443447926856,0.022680071539422565
2018-11-05,0.018958670882079497,0.0199459172848929,0.020932065458308835,0.02048702362724616,0.020347602125842662,0.021436198234221618,0.023242536468728602,0.022671533076391154
2018-11-06,0.018991579251586652,0.019979108250934945,0.020965540138158868,0.020515793580074843,0.02036916522549474,0.021452404229842695,0.023254051821883552,0.022681457892721572
2018-11-07,0.019024482822965393,0.020012291984604816,0.02099900516563659,0.02054454869199379,0.02039071418337848,0.0214686029790229,0.023265565180930033,0.022691383204146647
2018-11-08,0.019059156949104993,0.020047258758058687,0.02103426579440485,0.020574839603166344,0.02041341079372143,0.02148566810280243,0.02327769773742129,0.022701844703194172
2018-11-09,0.01906302090414453,0.020051155159935788,0.021038194778725972,0.020578214376456103,0.020415939262307548,0.021487569440344308,0.02327904972248981,0.022703010627209877
2018-11-13,0.018976640491223166,0.019964041502417422,0.020950344892515425,0.02050273477421281,0.020359378015533933,0.021445048120434566,0.023248824464268847,0.022676952279818797
2018-11-14,0.01914174762186653,0.020130535775808308,0.021118232098995854,0.02064694218119648,0.02046742285074643,0.02152629383802292,0.023306594992761182,0.02272677175590082
2018-11-15,0.01894352097233072,0.019930636472863857,0.020916653234486545,0.020473775327525427,0.02033767150145785,0.021428735895911762,0.023237235080380208,0.022666964676547517
2018-11-16,0.018938714581637497,0.019925788446779124,0.020911763412002318,0.020469571761595178,0.02033452047038044,0.02142636821259094,0.02323555317234291,0.022665515412999264
2018-11-19,0.018922831867337266,0.019909767785497443,0.020895604273872912,0.0204556794669487,0.020324106223015344,0.021418543464395548,0.023229995260759,0.022660726617227907
2018-11-20,0.018917189055142714,0.019904075829372515,0.020889862986374057,0.020450743214583574,0.020320405631900677,0.02141576321344687,0.023228020627759804,0.022659025362271906
2018-11-21,0.0189114416014788,0.01989827824816907,0.02088401508714665,0.020445715101806775,0.020316636084110537,0.021412931257460903,0.023226009367242582,0.022657292617550874
2018-11-22,0.01891374060049761,0.019900597307109014,0.02088635428214939,0.02044772640121077,0.020318143954962162,0.021414064066365323,0.023226813878744625,0.022657985713628058
2018-11-23,0.018833575319021197,0.019819725654698993,0.020804773645243295,0.0203775624574004,0.020265533374237536,0.021374549363320807,0.023198759940470638,0.022633823289598842
2018-11-26,0.01901132197018931,0.019999019359021528,0.02098562031293018,0.02053304842813538,0.020382096297237185,0.021462124348923722,0.023260960076604456,0.022687413020165255
2018-11-27,0.019045580365953135,0.020033567906203576,0.0210204601989496,0.020562980668044375,0.0204045254380968,0.021478986934910366,0.023272947301461823,0.02269774826757154
2018-11-28,0.019015395649513173,0.020003127676309976,0.020989763408561273,0.020536608287357906,0.020384763979974647,0.02146412976308858,0.02326238550013285,0.022688641878170806
2018-11-29,0.01899314619712007,0.019980688592728113,0.020967133929770555,0.02051716320764717,0.020370191687021363,0.02145317576316966,0.02325460012229412,0.02268193051537232
2018-11-30,0.018938714581637497,0.019925788446779124,0.020911763412002318,0.020469571761595178,0.02033452047038044,0.02142636821259094,0.02323555317234291,0.022665515412999264
2018-12-03,0.018922831867337266,0.019909767785497443,0.020895604273872912,0.0204556794669487,0.020324106223015344,0.021418543464395548,0.023229995260759,0.022660726617227907
2018-12-04,0.018711234502021206,0.01969627952376225,0.020680218376241045,0.020270363230088823,0.02018511844766048,0.0213141899436336,0.023155943024712633,0.02259697100859756
2018-12-05,0.018703494481025994,0.01968846846483742,0.020672336044125883,0.020263576223692074,0.02018002581536802,0.02131036897786852,0.02315323402126295,0.022594640410230467
2018-12-06,0.018281262863374493,0.019262162107071986,0.02024194331337394,0.019892445685885912,0.01990129701973594,0.021101521523072007,0.023005426895979758,0.022467664122054462
2018-12-07,0.01819804302087524,0.019178093034735166,0.020157022996053788,0.019819092453200356,0.01984614895406229,0.021060264569049886,0.022976288741713268,0.022442675128627423
2018-12-10,0.018317203567636227,0.01929846488632731,0.02027860906613687,0.019924104378194744,0.019925092637265315,0.021119329870924134,0.02301801036624706,0.022478460088389357
2018-12-11,0.01828262515122475,0.01926353817050353,0.020243333186133333,0.019893645898838137,0.019902199200162982,0.021102196631681617,0.023005903863616554,0.022468073287918368
2018-12-12,0.018312802970732116,0.019294020108780043,0.02027411999701695,0.019920228749047232,0.019922179789063105,0.021117149718526546,0.023016469660185203,0.022477138101788578
2018-12-13,0.01832464247794624,0.01930597838455028,0.020286197340372306,0.019930655436998686,0.019930016166069695,0.021123015073682437,0.0230206148125427,0.02248069489527795
2018-12-14,0.0183457006063997,0.019327246999712586,0.020307676978674586,0.019949197303606503,0.019943950710781717,0.021133445834428076,0.023027987413956244,0.022487021738499542
2018-12-17,0.01820894508790509,0.019189107216128345,0.020168149550608326,0.01982870579980908,0.01985337749197914,0.02106567112290474,0.02298010604722564,0.022445948067126967
2018-12-18,0.01819563191619656,0.019175657099704018,0.02015456217364564,0.019816966206178992,0.01984455012694619,0.021059068782209558,0.022975444500565836,0.02244195131297736
2018-12-19,0.018286397598006182,0.019267348743410823,0.02024718197874509,0.019896969433555862,0.019904697420256336,0.021104066098803102,0.023007224679346877,0.022469206367019243
2018-12-20,0.018281158071662904,0.01926205625552857,0.020241836399403815,0.01989235336076569,0.019901227620243895,0.02110146959112929,0.023005390206020868,0.02246763264779217
2018-12-21,0.018301801105284076,0.019282907602394036,0.020262896573477074,0.019910538521885474,0.019914896568642267,0.021111698773920513,0.023012617739933225,0.02247383317379399
2018-12-24,0.018356909858069016,0.019338567897272833,0.020319109810054,0.019959065384926512,0.019951366254261527,0.0211389973245645,0.02303191180096601,0.022490389841736895
2018-12-27,0.018422897029650907,0.01940520672780822,0.02038640202814681,0.020017132449120397,0.01999499477815588,0.02117166671398722,0.02305501333927456,0.022510221888321153
2018-12-28,0.018442898872830096,0.019425404213944026,0.02040679569256304,0.020034725181291367,0.020008210664047888,0.021181565517176832,0.02306201556328157,0.022516234852387823
2018-12-31,0.018412843081062436,0.019395054107626496,0.020376150469286074,0.02000828796830998,0.019988350275263696,0.021166690393228344,0.023051493619987713,0.02250719973428114
2019-01-02,0.01839074377371432,0.01937273713376605,0.020353615246530406,0.019988843692237454,0.01997374159553399,0.021155750489548816,0.023043756919398826,0.022500557453153547
2019-01-03,0.01828094848809466,0.019261844552223073,0.02024162257117173,0.019892168710076534,0.019901088820832243,0.021101365727024757,0.023005316826042795,0.022467569699282545
2019-01-04,0.018196156071563593,0.01917618665407773,0.020155097139416205,0.0198174284405229,0.01984489770447188,0.021059328739156863,0.022975628032154416,0.0224421086639811
2019-01-07,0.018149606362287202,0.01912915512211378,0.02010758269850695,0.019776367454160997,0.019814018930258536,0.021036237444839664,0.02295932846849097,0.022428136381126805
2019-01-08,0.018153590719432983,0.01913318090558063,0.020111650000155537,0.01977988283649299,0.01981666280764824,0.021038214290142195,0.022960723631218885,0.02242933216864696
2019-01-09,0.01816994682230779,0.019149706703178317,0.02012834587176051,0.019794312142799673,0.019827514463443777,0.02104632865523559,0.02296645083725974,0.022434241266600992
2019-01-10,0.018810262474369406,0.019796204729506082,0.02078104389547948,0.02035714626090779,0.020250221475686957,0.021363052672422764,0.023190601231553337,0.02262679878097929
2019-01-11,0.018810785210244787,0.019796732144234695,0.020781576005665374,0.020357604104675686,0.020250564869472572,0.02136331048556285,0.023190784173199322,0.022626956278453215
2019-01-14,0.01833857668210635,0.019320051976921652,0.020300410675257757,0.019942925109658952,0.019939237180936806,0.021129917350090906,0.023025493291420597,0.022484881291364014
2019-01-15,0.0184435271744039,0.019426038646871126,0.020407436273744722,0.020035277744168918,0.02000862573853637,0.021181876431184132,0.023062235516556395,0.022516423744260244
2019-01-16,0.018458082340222334,0.019440735608480617,0.020422275424138492,0.020048077276891438,0.020018240194585098,0.02118907853638938,0.023067330898230605,0.022520799789587573
2019-01-17,0.01887277311120037,0.019859270607388187,0.02084466702570905,0.020411877856050035,0.02029126610225739,0.02139387417517694,0.02321247748910398,0.02264563636355431
2019-01-18,0.01889273523956108,0.019879408230109932,0.020864980796012168,0.02042934774781623,0.020304364934641366,0.021403712998503764,0.023219463207580338,0.02265165342559268
2019-01-21,0.018537752695715615,0.019521173869250265,0.020503483790909896,0.02011810119682537,0.02007082880549529,0.021228483757786968,0.02309522031430021,0.022544759559390233
2019-01-22,0.01855366247315254,0.01953723532366206,0.020519697371823815,0.020132077199437635,0.02008132281742208,0.02123634937846492,0.02310078947335923,0.02254954556265308
2019-01-23,0.018563919500454287,0.01954758984217368,0.02053014967313057,0.02014108621101604,0.020088086947635444,0.021241419739279694,0.023104379869197895,0.022552631336405875
2019-01-24,0.018259255542767527,0.019239931683414133,0.020219489244889734,0.019873054128363266,0.01988671999875647,0.021090614212448625,0.022997721563587255,0.022461054636469444
2019-01-25,0.018246888588735553,0.01922743889196127,0.020206870314367728,0.01986215502540574,0.019878526343163512,0.02108448392938558,0.022993391511709895,0.02245734083160453
2019-01-28,0.01831091697451809,0.019292115164757078,0.020272196057721348,0.019918567684360015,0.019920931348585868,0.0211162153280626,0.02301580934673497,0.022476571538796924
2019-01-29,0.018298552833550592,0.019279626613526123,0.02025958278622788,0.01990767728238594,0.019912745984081156,0.021110089293469705,0.02301148046397089,0.022472857443666082
2019-01-30,0.01839074377371432,0.01937273713376605,0.020353615246530406,0.019988843692237454,0.01997374159553399,0.021155750489548816,0.023043756919398826,0.022500557453153547
2019-01-31,0.01838487819319272,0.01936681360052767,0.020347633607082333,0.01998368200790378,0.019969863344896262,0.02115284646202831,0.0230417034268185,0.022498794610156643
2019-02-01,0.018500485949698046,0.019483549661458908,0.020465501081484844,0.020085354402989725,0.020046237837499734,0.02121005504249876,0.0230821749403205,0.022533550687139865
2019-02-04,0.01852875061623739,0.019512085721469993,0.020494309321958865,0.020110192190981684,0.020064889945437887,0.021224032725010333,0.02309206913705633,0.022542051740186822
2019-02-05,0.018542567614674085,0.019526034750261524,0.020508390769665118,0.02012233114121069,0.020074004972363387,0.021230864321040238,0.023096905766695736,0.022546207942949828
2019-02-06,0.01850519697225707,0.019488306040459334,0.020470302947365154,0.020089494791510988,0.020049347243674884,0.021212385025967055,0.023083824074850032,0.022534967504054423
2019-02-07,0.018447611092201197,0.019430162396937508,0.020411599966064557,0.02003886927162685,0.020011323597648244,0.02118389730814739,0.02306366519520777,0.022517651545809383
2019-02-08,0.018543509652067403,0.019526985774158578,0.020509350806649704,0.020123158702007066,0.020074626361041587,0.021231330065340857,0.023097235524146977,0.022546491323576855
2019-02-11,0.018515142142758442,0.019498346800306546,0.020480439572882942,0.02009823461709368,0.02005591059782737,0.02121730339430357,0.02308730544743509,0.022537958595166115
2019-02-12,0.01855659309977053,0.019540193828953355,0.020522683838957816,0.020134651349322633,0.020083255565726255,0.021237798124553214,0.0231018153204366,0.022550427207406912
2019-02-13,0.018599292215224227,0.019583296994479353,0.020566192279220803,0.02017214708730556,0.020111405793089832,0.021258901929081524,0.02311676159035686,0.022563274474759157
2019-02-14,0.018647005230271706,0.019631456762182725,0.0206148001966009,0.02021402462483164,0.020142839736168688,0.021282474147739153,0.023133462286057886,0.022577634168243765
2019-02-15,0.01870610938260191,0.01969110738074008,0.020674999053747336,0.020265869222869097,0.020181746386545473,0.02131165988941216,0.0231541492374404,0.022595427771487535
2019-02-19,0.018743237723364836,0.01972857507022124,0.02071280722899616,0.020298419722804276,0.02020616888414089,0.021329985907431823,0.023167143951628624,0.022606608637887486
2019-02-20,0.01875505476165324,0.019740499477862265,0.020724839371719567,0.020308776912970367,0.020213939037337873,0.021335817328576846,0.023171279765871126,0.022610167749831912
2019-02-21,0.018748152849688556,0.01973353489264429,0.02071781189941358,0.02030272781264133,0.020209400938823473,0.02133241147905432,0.023168864188722688,0.022608088968744947
2019-02-22,0.01874114614784981,0.019726464458652657,0.02071067751683401,0.020296586392875654,0.02020479344623287,0.021328953700364223,0.02316641192237904,0.022605978713206076
2019-02-25,0.018718869668683757,0.01970398463675292,0.020687993668411557,0.020277057717674463,0.020190141495894615,0.021317958882881603,0.02315861531217802,0.022599270139163907
2019-02-26,0.018711234502021206,0.01969627952376225,0.020680218376241045,0.020270363230088823,0.02018511844766048,0.0213141899436336,0.023155943024712633,0.02259697100859756
2019-02-27,0.018599292215224227,0.019583296994479353,0.020566192279220803,0.02017214708730556,0.020111405793089832,0.021258901929081524,0.02311676159035686,0.022563274474759157
2019-02-28,0.01859458314890894,0.01957854356418758,0.0205613943487068,0.020168012749567903,0.02010830215265152,0.021256574900057824,0.023115113268844793,0.022561857455989674
2019-03-01,0.018603477969743657,0.019587522141939186,0.020570456940972405,0.020175821799917455,0.020114164342302763,0.021260970275173142,0.023118226730869638,0.022564534055481044
2019-03-04,0.018630788118533366,0.019615088366013618,0.02059828003778786,0.02019979342459436,0.020132158277572643,0.02127446336475056,0.023127785983301768,0.022572753015685964
2019-03-05,0.018631939048632137,0.019616250051856625,0.020599452513199116,0.020200803499198287,0.020132916429447388,0.02127503192977047,0.023128188833607607,0.022573099416109257
2019-03-06,0.0185249821977078,0.019508281220475335,0.02049046863296235,0.020106881115897566,0.020062403598016438,0.02122216934161281,0.023090749995472754,0.022540918245430967
2019-03-07,0.018454941016589836,0.019437563721550723,0.020419072888857817,0.020045315032358728,0.020016165365152383,0.021187524244598698,0.023066231208425433,0.02251985531121502
2019-03-08,0.018444783772329054,0.01942730750485335,0.02040871742560211,0.020036382853770646,0.020009455872120933,0.02118249825131144,0.023062675420935583,0.02251680152854397
2019-03-11,0.018412843081062436,0.019395054107626496,0.020376150469286074,0.02000828796830998,0.019988350275263696,0.021166690393228344,0.023051493619987713,0.02250719973428114
2019-03-12,0.01840195080052208,0.019384054677721436,0.02036504360216632,0.019998704891922223,0.019981150581565972,0.0211612986195568,0.023047680381753213,0.022503925785963136
2019-03-13,0.01839074377371432,0.01937273713376605,0.020353615246530406,0.019988843692237454,0.01997374159553399,0.021155750489548816,0.023043756919398826,0.022500557453153547
2019-03-14,0.018435359118160674,0.01941779081414763,0.020399108445227247,0.020028094006773117,0.020003229369983673,0.02117783434401992,0.023059376067551776,0.02251396816392958
2019-03-15,0.01848886500871915,0.019471816628854947,0.0204536556367504,0.020075140149675354,0.020038566734976886,0.021204307117646464,0.023078106901149253,0.022530055915284043
2019-03-18,0.01849242463952426,0.01947541062614483,0.020457284098509977,0.020078269035664596,0.020040916628617556,0.02120606783887368,0.023079352993508467,0.022531126379411175
2019-03-19,0.018493785660059325,0.019476784779311723,0.02045867142181738,0.020079465328732088,0.020041815073821977,0.021206741033502716,0.023079829434447405,0.022531535676042935
2019-03-20,0.01849514667242222,0.019478158920160443,0.020460058728684866,0.020080661596522546,0.02004271349494014,0.021207414215789613,0.023080305871989976,0.02253194497351794
2019-03-21,0.01849608890696313,0.019479110241224354,0.020461019162270333,0.020081489767108683,0.020043335464681476,0.021207880257835147,0.02308063571137602,0.0225322283338023
2019-03-22,0.018487189868997857,0.019470125306857208,0.02045194808642308,0.020073667672911938,0.020037460845666502,0.021203478513739146,0.023077520496706187,0.022529552169455354
2019-03-25,0.018494413820626908,0.01947741899969564,0.02045931171933751,0.020080017455468616,0.020042229732715633,0.021207051734553384,0.023080049329119855,0.02253172458246508
2019-03-26,0.018494832593371507,0.019477841811827143,0.02045973858240538,0.020080385536968275,0.02004250616912763,0.021207258867126554,0.023080195925166223,0.022531850520179635
2019-03-27,0.018487399262140002,0.019470336723127365,0.02045216153157588,0.020073851734601317,0.02003759908382561,0.021203582090249987,0.02307759379754292,0.022529615137614083
2019-03-28,0.018530948831438562,0.019514304970093047,0.02049654966565284,0.020112123561930824,0.020066340229467513,0.0212251196549502,0.02309283862428546,0.02254271294844736
2019-03-29,0.018506243852861166,0.019489362993526174,0.020471370001920543,0.02009041483671778,0.020050038183631304,0.021212902779987768,0.0230841905436633,0.022535282353629803
2019-04-01,0.01859238555111773,0.019576325246206276,0.020559155247053533,0.020166083288306196,0.020106853688345735,0.021255488902570032,0.023114344038212054,0.02256119618402172
2019-04-02,0.018618232137377348,0.01960241485664001,0.020585488632335665,0.020188773253308704,0.020123886409623412,0.021268260263241755,0.023123391094731507,0.022568974141195686
2019-04-03,0.018561721605128347,0.019545371075708775,0.020527909972928082,0.020139155829460884,0.020086637606390376,0.021240333292435888,0.023103610514909327,0.02255197009513903
2019-04-04,0.018552720477974044,0.019536284363396755,0.020518737419762588,0.02013124976921434,0.020080701553165783,0.021235883697919837,0.023100459733452518,0.022549262177670122
2019-04-05,0.018543509652067403,0.019526985774158578,0.020509350806649704,0.020123158702007066,0.020074626361041587,0.021231330065340857,0.023097235524146977,0.022546491323576855
2019-04-08,0.018617081137597517,0.01960125306576452,0.020584316016747352,0.02018776296317693,0.02012312805237413,0.021267691592985048,0.023122988215466128,0.02256862774796243
2019-04-09,0.01860808221035306,0.019592169669446855,0.020575147889130115,0.02017986370738841,0.020117198483055904,0.021263245320913757,0.02311983834829474,0.022565919603495927
2019-04-10,0.018599292215224227,0.019583296994479353,0.020566192279220803,0.02017214708730556,0.020111405793089832,0.021258901929081524,0.02311676159035686,0.022563274474759157
2019-04-11,0.0185950017365466,0.01957896609730149,0.02056182083939592,0.020168380258520288,0.020108578043488416,0.021256781753070643,0.023115259787960474,0.02256198341280448
2019-04-12,0.018711234502021206,0.01969627952376225,0.020680218376241045,0.020270363230088823,0.02018511844766048,0.0213141899436336,0.023155943024712633,0.02259697100859756
2019-04-15,0.018760597053618943,0.019746092020986112,0.02073048233816999,0.020313634052177176,0.02021758281851922,0.021338552098649648,0.02317321948414526,0.022611837089772872
2019-04-16,0.018782346622719236,0.019768038136266784,0.020752625679207437,0.020332691972579888,0.020231879072267867,0.021349282798862494,0.02318083141790129,0.02261838859705476
2019-04-17,0.018807230582452646,0.019793145688146017,0.020777957608443406,0.020354490693316858,0.02024822972146693,0.02136155732020628,0.023189540160098866,0.02262588529809042
2019-04-18,0.018834516145675897,0.01982067485361107,0.02080573124659072,0.0203783862733069,0.020266151194444127,0.021375013279086412,0.023199089194737323,0.022634106795155876
2019-04-22,0.01897329741644421,0.019960669718241484,0.02094694428544864,0.020499812105158874,0.020357187471585353,0.021443401793564427,0.023247654649650364,0.02267594404474854
2019-04-23,0.019059992404452573,0.020048101231784493,0.021035115315812543,0.020575569301227562,0.02041395750616452,0.02148607921128301,0.023277990060848415,0.022702096794294448
2019-04-24,0.01871405849780221,0.019699129405337693,0.020683094229645024,0.020272839366324298,0.020186976375924617,0.021315583980214187,0.02315693141748818,0.022597821368859163
2019-04-25,0.0187153135957229,0.01970039600231529,0.020684372363950494,0.020273939836318873,0.020187802088469587,0.02131620353493867,0.023157370698463547,0.02259819930792078
2019-04-26,0.01871656868668032,0.019701662588796923,0.020685650484247985,0.020275040284775617,0.020188627780491353,0.021316823079146775,0.023157809976544968,0.022598577247700903
2019-04-29,0.018731420067618118,0.019716649731865578,0.020700773844134764,0.02028806062280119,0.02019839691107754,0.021324153553761695,0.023163007880769637,0.02260304958965547
2019-04-30,0.01872137980417679,0.019706517739743128,0.02069054981562002,0.020279258471002433,0.020191792743116808,0.021319197901188636,0.023159493849047898,0.02260002602351418
2019-05-01,0.01873549879734387,0.019720765661786054,0.020704927099635527,0.02029163610323101,0.020201079479121812,0.021326166595366985,0.02316443540325168,0.022604277926535528
2019-05-02,0.018610070376220575,0.019594176512701334,0.02057717346761392,0.020181608987006994,0.020118508594899748,0.02126422768332033,0.02312053426197308,0.022566517911306823
2019-05-03,0.01864690060746778,0.01963135116523922,0.020614693622421517,0.020213932822153315,0.020142770834506798,0.0212824224708916,0.02313342566629724,0.02257760267655274
2019-05-06,0.018813921600110174,0.01979989659433988,0.020784768615710013,0.02036035108875972,0.020252625157362095,0.02136485732606241,0.023191881812524413,0.0226279012659163
2019-05-07,0.01886315721568472,0.01984956986119234,0.02083488111606157,0.020403461091994153,0.020284954861670916,0.02138913410537791,0.0232091123787932,0.02264273815778908
2019-05-08,0.01898698281525581,0.019974472487065555,0.02096086488983155,0.0205117758117231,0.020366154086689448,0.021450140970623467,0.023252443447926856,0.022680071539422565
2019-05-09,0.01900745712950884,0.01999512162218957,0.020981689546969363,0.020529670915503104,0.020379565218356415,0.021460221673830174,0.0232596077234624,0.02268624718753437
2019-05-10,0.019066989221493982,0.02005515676610546,0.021042229813191912,0.02058168014670001,0.020418535864788298,0.021489522061319002,0.02328043821905733,0.022704208069795673
2019-05-13,0.018660919632293535,0.019645500506158754,0.02062897369561812,0.02022623304824603,0.0201520023871847,0.021289346517689964,0.023138332535141137,0.022581822607612555
2019-05-14,0.018730060474698523,0.01971527773058906,0.020699389392754668,0.020286868745437177,0.02019750267355693,0.02132348251520899,0.02316253203314956,0.022602640145715266
2019-05-15,0.018680063614352413,0.019664821745632062,0.020648472765039283,0.020243026779906553,0.020164605522958047,0.021298800373765827,0.02314503312385248,0.022587585792517566
2019-05-16,0.018685816953672156,0.019670628198472474,0.020654332504412773,0.020248073097383055,0.02016839241784149,0.021301641218646226,0.023147046830455986,0.022589317929927473
2019-05-17,0.0186864445818397,0.01967126161635281,0.020654971730906257,0.020248623577373136,0.02016880550756539,0.021301951115632253,0.023147266503862285,0.02258950689128529
2019-05-21,0.018766557480174546,0.0197521064143305,0.02073655088391547,0.020318857299031427,0.02022150115524668,0.02134149303751351,0.023175305533247828,0.022613632433276347
2019-05-22,0.018719706383609553,0.01970482900908119,0.02068884572370681,0.020277791311689483,0.02019069192075677,0.02131837189365789,0.023158908159087513,0.022599522100294662
2019-05-23,0.01870736452462331,0.019692374044192086,0.02067627727677,0.020266969829269916,0.020182572229070717,0.021312279510740363,0.023154588536744073,0.022595805705998617
2019-05-24,0.018721170627282874,0.019706306649430825,0.020690336805492756,0.02027907507818227,0.020191655142317116,0.02131909465126972,0.023159420638084207,0.02259996303304189
2019-05-27,0.018859498887093325,0.019845879197927248,0.02083115799945268,0.020400258729774846,0.020282553529474754,0.021387330655644313,0.02320783212911845,0.02264163559059825
2019-05-28,0.018822180551892068,0.01980822933246162,0.020793175403332066,0.020367584169548238,0.020258049968508364,0.021368930358278887,0.02319477217622023,0.022630389754385215
2019-05-29,0.018748152849688556,0.01973353489264429,0.02071781189941358,0.02030272781264133,0.020209400938823473,0.02133241147905432,0.023168864188722688,0.022608088968744947
2019-05-30,0.01873790416757607,0.019723192953102917,0.020707376386084726,0.02029374461325259,0.020202661404811625,0.021327353721678925,0.02316527726115563,0.022605002333894186
2019-05-31,0.01863068348823425,0.019614982757772376,0.020598173448530443,0.020199701598732956,0.020132089353819806,0.021274411676583296,0.02312774936042611,0.02257272152476833
2019-06-03,0.018668138045221366,0.01965278585033598,0.020636326186353426,0.02023256569925521,0.020156754949737534,0.021292911373602848,0.023140859065663315,0.022583995592132908
2019-06-04,0.018711234502021206,0.01969627952376225,0.020680218376241045,0.020270363230088823,0.02018511844766048,0.0213141899436336,0.023155943024712633,0.02259697100859756
2019-06-05,0.018599292215224227,0.019583296994479353,0.020566192279220803,0.02017214708730556,0.020111405793089832,0.021258901929081524,0.02311676159035686,0.022563274474759157
2019-06-06,0.01859196695864446,0.0195759027058035,0.02055872874663665,0.02016571576439698,0.02010657778325662,0.021255282042254173,0.02311419751708669,0.022561070227705878
2019-06-07,0.018592176254977808,0.019576113976150666,0.02055894199703965,0.020165899526650728,0.020106715736086224,0.02125538547255816,0.023114270777689565,0.02256113320585382
2019-06-10,0.018597722537332575,0.019581712534115364,0.020564592990936936,0.020170769008379198,0.020110371278344565,0.02125812626917213,0.023116212154374628,0.022562802134046666
2019-06-11,0.018602326894963602,0.019586360238013464,0.020569284174506496,0.020174811277805318,0.020113405764001502,0.021260401491646295,0.02311782382043407,0.022564187669986677
2019-06-12,0.018604210468829985,0.01958826153075448,0.020571203240776763,0.020176464850020556,0.020114647064970115,0.021261332223725678,0.023118483127153446,0.022564754482928162
2019-06-13,0.018500695330557756,0.019483761059215357,0.020465714501929126,0.02008553842668877,0.020046376039458195,0.021210158600459876,0.023082248236052642,0.022533613656565955
2019-06-14,0.018502684439077977,0.019485769323360366,0.020467741976742948,0.020087286621990847,0.020047688929630405,0.021211142386520956,0.023082944541498684,0.02253421186710928
2019-06-17,0.018501428162043528,0.019484500949066945,0.02046646147041988,0.020086182504924034,0.020046859741823363,0.02121052105102334,0.02308250477048209,0.022533834049714457
2019-06-18,0.018457768209817503,0.01944041842273962,0.02042195517455017,0.020047801058495685,0.020018032717413977,0.021188923110168047,0.02306722093006401,0.02252070534154824
2019-06-19,0.01845933885748961,0.019442004344884647,0.0204235564137368,0.020049182137013323,0.02001907009044258,0.021189700234701996,0.023067770769088274,0.02252117758219398
2019-06-20,0.01846132832892194,0.019444013156058666,0.020425584618619198,0.02005093145482513,0.020020384050244134,0.021190684568856186,0.023068467225361065,0.022521775755290227
2019-06-21,0.018506243852861166,0.019489362993526174,0.020471370001920543,0.02009041483671778,0.020050038183631304,0.021212902779987768,0.0230841905436633,0.022535282353629803
2019-06-24,0.0185100125829971,0.019493167964215023,0.02047521131777407,0.02009372687561971,0.02005252544946601,0.02121476663399315,0.023085509814750882,0.02253641581623258
2019-06-25,0.01847075190378343,0.019453528219890645,0.020435191427757474,0.02005921696345929,0.020026607371285202,0.021195346846109304,0.023071766130183503,0.022524609231272846
2019-06-26,0.018485514716897418,0.019468433966199985,0.020450240511192687,0.020072195157859046,0.020036354919870426,0.021202649891136044,0.023076934087118327,0.02252904842490401
2019-06-27,0.018513990619040882,0.019497184219682988,0.020479265903291567,0.020097222706389903,0.02005515069634972,0.021216733932762542,0.02308690235042051,0.022537612255995345
2019-06-28,0.01851524682644263,0.019498452489016813,0.020480546269534855,0.02009832660807843,0.02005597967892475,0.02121735516309639,0.02308734209249766,0.022537990080575214
2019-07-02,0.018447715807075032,0.019430268132660924,0.02041170672546054,0.020038961359083125,0.020011392770672466,0.021183949124044813,0.02306370185323279,0.02251768302800018
2019-07-03,0.018442898872830096,0.019425404213944026,0.02040679569256304,0.020034725181291367,0.020008210664047888,0.021181565517176832,0.02306201556328157,0.022516234852387823
2019-07-04,0.018435673279610085,0.01941810804668312,0.020399428757267808,0.020028370321191695,0.020003436938654067,0.02117798981712677,0.023059486048620542,0.022514062608765584
2019-07-05,0.018443003589879953,0.01942550995294743,0.020406902456336515,0.020034817275478213,0.020008279843485605,0.021181617336360627,0.02306205222221095,0.022516266334354086
2019-07-08,0.01845839647019196,0.019441052793565623,0.020422595672851318,0.020048353493941084,0.02001844767047352,0.021189233961953446,0.02306744086621633,0.022520894237671816
2019-07-09,0.018371680082568717,0.019353484815000512,0.02033417380293891,0.01997206650320344,0.019961135646801475,0.021146311562740674,0.023037082838082458,0.022494828270624566
2019-07-10,0.018364347467166257,0.01934607943413624,0.02032669546664584,0.019965612418998382,0.0199562859479352,0.021142680562147926,0.02303451570647592,0.022492624782891067
2019-07-11,0.019128593611373874,0.020117273463817323,0.021104861010878766,0.020635463080946485,0.020458825131215726,0.021519825541578462,0.02330199273209757,0.022722800865898736
2019-07-12,0.019025527302208373,0.020013345318023366,0.02100006738938514,0.020545461309641223,0.02039139804568093,0.02146911710635423,0.02326593065173447,0.02269169830150636
2019-07-15,0.018711443688102777,0.01969649062792339,0.020680431404851058,0.020270546651326955,0.0201852560755394,0.02131429320742829,0.023156016239494724,0.022597033998121827
2019-07-16,0.018710293162260527,0.01969532955142915,0.020679259742680745,0.020269537827113607,0.020184499115150502,0.02131372525294248,0.023155613557198425,0.022596687555985342
2019-07-17,0.018769903615697633,0.019755482812063796,0.02073995764826679,0.020321789435157396,0.020223700720282373,0.021343143986915482,0.023176476619915582,0.022614640352523856
2019-07-18,0.019157092997153104,0.02014600701058475,0.02113382974987494,0.020660331463659726,0.020477450663752436,0.021533838718483404,0.02331196389361568,0.0227314045610224
2019-07-19,0.019160746503921623,0.020149690405762255,0.021137543166445488,0.020663518911680855,0.020479837784344368,0.02153563488599124,0.02331324213933452,0.0227325076257528
2019-07-22,0.018741773622535273,0.019727097645184554,0.020711316434568316,0.020297136398136108,0.020205206083591207,0.02132926336555178,0.02316663153199798,0.022606167690400938
2019-07-23,0.018741878201480273,0.019727203176018095,0.0207114229205169,0.02029722806515603,0.02020527485598544,0.02132931497616077,0.0231666681335308,0.022606199186617545
2019-07-24,0.018740518671423533,0.019725831269496775,0.020710038595597714,0.020296036382230744,0.020204380803743732,0.021328644032547577,0.023166192312036607,0.022605789736190846
2019-07-25,0.019118779801957232,0.02010737860437806,0.021094884748813797,0.020626897761208393,0.020452409485822477,0.02151499923195388,0.023298559091737732,0.022719838507489806
2019-07-26,0.01912097228580671,0.020109589213951697,0.02109711356277459,0.020628811404730118,0.02045384287754724,0.021516077506039295,0.023299326197009577,0.022720500307139603
2019-07-29,0.018362147636341322,0.019343857750231896,0.020324451872809148,0.0199636760508244,0.01995483090209533,0.021141591192189557,0.023033745547791435,0.02249196374133859
2019-07-30,0.01835041484511918,0.01933200822653435,0.020312485314489707,0.01995334763991216,0.01994706959611043,0.021135780675147896,0.02302963788512628,0.022488438223554737
2019-07-31,0.01839074377371432,0.01937273713376605,0.020353615246530406,0.019988843692237454,0.01997374159553399,0.021155750489548816,0.023043756919398826,0.022500557453153547
2019-08-01,0.018382154836403,0.019364063310967728,0.020344856313640632,0.019981285352166245,0.019968062576600047,0.021151498085686248,0.023040749998125838,0.02249797615265559
2019-08-02,0.018385087680822573,0.019367025159222166,0.02034784724231561,0.019983866361849525,0.01997000186154381,0.02115295018124054,0.023041776766924454,0.022498857568565667
2019-08-06,0.01828325389670703,0.019264173272548056,0.020243974660323613,0.019894199834752234,0.01990261558300554,0.021102508216107933,0.023006124001380322,0.022468262133986117
2019-08-07,0.01836790905281278,0.019349676378021,0.020330327860950667,0.019968747351433752,0.019958641603179568,0.02114444423570186,0.023035762611269786,0.022493695045307974
2019-08-08,0.018357119371521,0.019338779494889848,0.020319323497233532,0.0199592498187417,0.019951504847015945,0.02113910108277496,0.02303198515180368,0.022490452797481464
2019-08-09,0.0183457006063997,0.019327246999712586,0.020307676978674586,0.019949197303606503,0.019943950710781717,0.021133445834428076,0.023027987413956244,0.022487021738499542
2019-08-12,0.01832768083598477,0.01930904717250216,0.02028929663527507,0.019933331004706616,0.019932026978219882,0.02112452019145021,0.023021678571325865,0.022481607710960347
2019-08-13,0.01829373273179138,0.019274757920313818,0.020254665381256854,0.019903431307275447,0.01990955454168038,0.021107700902818778,0.02300979285759658,0.022471409594893535
2019-08-14,0.018300229366699627,0.019281320035882,0.020261293139707228,0.01990915406910808,0.019913855980312138,0.021110920001820868,0.02301206744752436,0.022473361045713992
2019-08-15,0.018267115544929626,0.019247871489433372,0.020227509047530637,0.019879980441810625,0.0198919267991965,0.021094510050244774,0.023000473569753377,0.02246341514177559
2019-08-16,0.01836958507377461,0.01935136902834074,0.02033203718406542,0.01997022255392898,0.019959750089815084,0.021145274170515087,0.023036349381957578,0.0224941987002059
2019-08-19,0.018382154836403,0.019364063310967728,0.020344856313640632,0.019981285352166245,0.019968062576600047,0.021151498085686248,0.023040749998125838,0.02249797615265559
2019-08-20,0.018325375878437578,0.019306719132082123,0.020286945453528868,0.019931301275203567,0.019930501545493952,0.02112337838359455,0.023020871583451615,0.022480915229713638
2019-08-21,0.018270888249352066,0.019251682450691174,0.020231358358437583,0.019883304773427996,0.0198944257786483,0.0210963799064722,0.023001794492559638,0.022464548194291792
2019-08-22,0.018259255542767527,0.019239931683414133,0.020219489244889734,0.019873054128363266,0.01988671999875647,0.021090614212448625,0.022997721563587255,0.022461054636469444
2019-08-23,0.01829656193435772,0.019277615650243055,0.02025755170912634,0.019905923548421946,0.019911427816168222,0.0211091028030201,0.02301078341431895,0.022472259417893242
2019-08-26,0.01820894508790509,0.019189107216128345,0.020168149550608326,0.01982870579980908,0.01985337749197914,0.02106567112290474,0.02298010604722564,0.022445948067126967
2019-08-27,0.01819563191619656,0.019175657099704018,0.02015456217364564,0.019816966206178992,0.01984455012694619,0.021059068782209558,0.022975444500565836,0.02244195131297736
2019-08-28,0.018077561336683524,0.019056355042703196,0.020034025940294214,0.019712775793897592,0.01976618491670155,0.02100047997535295,0.022934100390097113,0.022406519044087657
2019-08-29,0.01806644318683976,0.019045119361483998,0.02002267248300572,0.019702957694028463,0.019758798423815154,0.020994959741816456,0.022930207003511643,0.022403183827702858
2019-08-30,0.018066128514315327,0.019044801358588808,0.020022351142837947,0.01970267979882304,0.019758589348827304,0.020994803496851365,0.02293009681003943,0.022403089435602104
2019-09-03,0.01806644318683976,0.019045119361483998,0.02002267248300572,0.019702957694028463,0.019758798423815154,0.020994959741816456,0.022930207003511643,0.022403183827702858
2019-09-04,0.01806623340520516,0.01904490735962676,0.020022458256324482,0.019702772430707748,0.019758659040632443,0.020994855578579427,0.02293013354121693,0.0224031208996307
2019-09-05,0.01806308665747527,0.019041727296781663,0.020019244809412653,0.01969999340910429,0.019756568224481116,0.02099329309496942,0.022929031597149763,0.02240217698094338
2019-09-06,0.018048925754125342,0.01902741620218186,0.020004783214879873,0.01968748614607233,0.019747157964458813,0.020986261105348382,0.02292407262501902,0.022397929402422308
2019-09-09,0.01810650793242255,0.019085606370274278,0.02006358264439208,0.01973833201835086,0.01978541015856233,0.021014849563747523,0.02294423682781943,0.022415203455442952
2019-09-10,0.018092244852842707,0.01907119336653011,0.020049019397441335,0.019725740520046248,0.019775938207790392,0.021007769592251722,0.022939242252727404,0.022410924132781222
2019-09-11,0.018182003452329246,0.019161888046389866,0.02014065220999969,0.019804946800775908,0.01983551186064552,0.02105230926073781,0.022970672502912973,0.022437860230663947
2019-09-12,0.018068331212847066,0.019047027365079187,0.02002460050562689,0.019704625036992596,0.019760052846805543,0.020995897197804234,0.022930868160546625,0.022403750181250383
2019-09-13,0.018181059913045576,0.019160934758645526,0.020139689151669356,0.019804114594539214,0.019834886045369357,0.02105184124818618,0.022970342121274127,0.02243757700500941
2019-09-16,0.018194164274737492,0.019174174337763427,0.02015306425655012,0.019815671930123464,0.01984357689091878,0.021058340893044047,0.022974930609444926,0.022441510730830505
2019-09-17,0.01830442064541346,0.019285553510136454,0.02026556891445467,0.019912845868397,0.019916630811264695,0.021112996690904724,0.023013534883899577,0.02247462005642214
2019-09-18,0.018378488727566,0.019360360920289997,0.020341117545548328,0.019978058925163147,0.019965638313289583,0.02114968288572737,0.023039466514970804,0.022496874388269042
2019-09-19,0.01836790905281278,0.019349676378021,0.020330327860950667,0.019968747351433752,0.019958641603179568,0.02114444423570186,0.023035762611269786,0.022493695045307974
2019-09-20,0.018357119371521,0.019338779494889848,0.020319323497233532,0.0199592498187417,0.019951504847015945,0.02113910108277496,0.02303198515180368,0.022490452797481464
2019-09-23,0.018322651807525812,0.019303967766103217,0.02028416672349121,0.019928902410642095,0.019928698672429433,0.021122028928739624,0.02301991785796889,0.02248009684589923
2019-09-24,0.01831091697451809,0.019292115164757078,0.020272196057721348,0.019918567684360015,0.019920931348585868,0.0211162153280626,0.02301580934673497,0.022476571538796924
2019-09-25,0.01835041484511918,0.01933200822653435,0.020312485314489707,0.01995334763991216,0.01994706959611043,0.021135780675147896,0.02302963788512628,0.022488438223554737
2019-09-26,0.01833857668210635,0.019320051976921652,0.020300410675257757,0.019942925109658952,0.019939237180936806,0.021129917350090906,0.023025493291420597,0.022484881291364014
2019-09-27,0.01854005549580957,0.019523498657672153,0.020505830632517597,0.02012012425319132,0.02007234787944938,0.021229622307318556,0.023096026405534063,0.02254545226325365
2019-09-30,0.01849525136534241,0.01947826462279243,0.020460165443916805,0.020080753616074833,0.020042782603259264,0.02120746599853124,0.023080342520891035,0.022531976457974022
2019-10-01,0.01849525136534241,0.01947826462279243,0.020460165443916805,0.020080753616074833,0.020042782603259264,0.02120746599853124,0.023080342520891035,0.022531976457974022
2019-10-02,0.018270888249352066,0.019251682450691174,0.020231358358437583,0.019883304773427996,0.0198944257786483,0.0210963799064722,0.023001794492559638,0.022464548194291792
2019-10-03,0.018259255542767527,0.019239931683414133,0.020219489244889734,0.019873054128363266,0.01988671999875647,0.021090614212448625,0.022997721563587255,0.022461054636469444
2019-10-04,0.018246888588735553,0.01922743889196127,0.020206870314367728,0.01986215502540574,0.019878526343163512,0.02108448392938558,0.022993391511709895,0.02245734083160453
2019-10-07,0.01810650793242255,0.019085606370274278,0.02006358264439208,0.01973833201835086,0.01978541015856233,0.021014849563747523,0.02294423682781943,0.022415203455442952
2019-10-08,0.01824709820373523,0.019227650642644367,0.020207084205830273,0.01986233977331426,0.019878665235214615,0.02108458784095987,0.022993464904750915,0.022457403776870905
2019-10-09,0.018286397598006182,0.019267348743410823,0.02024718197874509,0.019896969433555862,0.019904697420256336,0.021104066098803102,0.023007224679346877,0.022469206367019243
2019-10-10,0.018172567883234743,0.019152354903267468,0.0201310212721194,0.0197966241932327,0.01982925318839036,0.021047628869025704,0.022967368613271553,0.022435027992305706
2019-10-11,0.018285140122708973,0.019266078562937685,0.020245899061882483,0.019895861610187783,0.019903864700748418,0.021103442953612318,0.023006784410330713,0.022468828673267115
2019-10-15,0.018506976666406848,0.019490102856336088,0.020472116934321296,0.02009105885946322,0.020050521833120727,0.021213265203456955,0.023084447070636824,0.022535502748629456
2019-10-16,0.018405721264512308,0.01938786226190423,0.020368888406006355,0.02000202229374337,0.01998364295767778,0.021163165092139998,0.023049000373432913,0.02250505906965823
2019-10-17,0.018409386933309315,0.019391563989295625,0.020372626288872275,0.020005247359675384,0.019986065924035942,0.02116497962752229,0.023050283673706748,0.022506160879450284
2019-10-18,0.0183457006063997,0.019327246999712586,0.020307676978674586,0.019949197303606503,0.019943950710781717,0.021133445834428076,0.023027987413956244,0.022487021738499542
2019-10-21,0.01831091697451809,0.019292115164757078,0.020272196057721348,0.019918567684360015,0.019920931348585868,0.0211162153280626,0.02301580934673497,0.022476571538796924
2019-10-22,0.01835041484511918,0.01933200822653435,0.020312485314489707,0.01995334763991216,0.01994706959611043,0.021135780675147896,0.02302963788512628,0.022488438223554737
2019-10-23,0.01833857668210635,0.019320051976921652,0.020300410675257757,0.019942925109658952,0.019939237180936806,0.021129917350090906,0.023025493291420597,0.022484881291364014
2019-10-24,0.018382469071547024,0.01936438065458546,0.020345176773932293,0.019981561894526836,0.01996827036247432,0.02115165367009142,0.02304086000982218,0.02249807058988742
2019-10-25,0.018385087680822573,0.019367025159222166,0.02034784724231561,0.019983866361849525,0.01997000186154381,0.02115295018124054,0.023041776766924454,0.022498857568565667
2019-10-28,0.01850310319654207,0.019486192112459073,0.02046816880907109,0.020087654656226937,0.020047965321005376,0.021211349496016524,0.02308309113119445,0.02253433780640055
2019-10-29,0.01862534727885924,0.01960959664081878,0.020592737267412082,0.020195018281473912,0.020128574053440613,0.021271775483214482,0.023125881567119193,0.022571115494585202
2019-10-30,0.01860808221035306,0.019592169669446855,0.020575147889130115,0.02017986370738841,0.020117198483055904,0.021263245320913757,0.02311983834829474,0.022565919603495927
2019-10-31,0.018552720477974044,0.019536284363396755,0.020518737419762588,0.02013124976921434,0.020080701553165783,0.021235883697919837,0.023100459733452518,0.022549262177670122
2019-11-01,0.018543509652067403,0.019526985774158578,0.020509350806649704,0.020123158702007066,0.020074626361041587,0.021231330065340857,0.023097235524146977,0.022546491323576855
2019-11-04,0.018515142142758442,0.019498346800306546,0.020480439572882942,0.02009823461709368,0.02005591059782737,0.02121730339430357,0.02308730544743509,0.022537958595166115
2019-11-05,0.01855659309977053,0.019540193828953355,0.020522683838957816,0.020134651349322633,0.020083255565726255,0.021237798124553214,0.0231018153204366,0.022550427207406912
2019-11-06,0.018547173093585046,0.019530684144300675,0.020513084208908235,0.02012637687882542,0.020077042762825806,0.021233141236943188,0.023098517898760586,0.022547593363190628
2019-11-07,0.018540578856203256,0.019524027013757148,0.020506363999044017,0.020120584028633183,0.020072693113909603,0.021229881063646185,0.02309620960673068,0.022545609696286682
2019-11-08,0.018595943555902522,0.01957991679254381,0.020562780437755702,0.020169207144913423,0.02010919878953388,0.021257247168077215,0.02311558945479509,0.022562266815929686
2019-11-12,0.01855565111677776,0.019539242887055986,0.020521723911410553,0.02013382395679054,0.020082634337385562,0.02123733246241179,0.023101485585594297,0.022550143821166567
2019-11-13,0.01853492649997641,0.01951832067160758,0.020500603511860387,0.0201156182559823,0.020068964393182273,0.02122708639868859,0.023094231007219142,0.022543909426131208
2019-11-14,0.01853408910187643,0.01951747526950905,0.02049975008222685,0.020114882548867022,0.020068411954766045,0.021226672356138895,0.023093937876381566,0.02254365753549375
2019-11-15,0.01853356572649237,0.01951694689082859,0.020499216685544365,0.020114422727059007,0.020068066676123927,0.021226413577171845,0.023093754668954934,0.0225435001040075
2019-11-18,0.018531472212867123,0.019514833357884582,0.020497083074495024,0.02011258340243487,0.020066685525924905,0.021225378443046044,0.0230930218342242,0.022542870379309903
2019-11-19,0.01853063480200115,0.019513987936543457,0.020496229619180194,0.020111847655833574,0.02006613304988281,0.021224964381216325,0.023092728698081058,0.022542618489989702
2019-11-20,0.01847745287427524,0.01946029412830944,0.020442022457093895,0.020065108143637905,0.020031032141675967,0.0211986618833733,0.023074111919020042,0.02252662417211598
2019-11-21,0.018508651659899466,0.019491793957918675,0.02047382419048108,0.020092530883932244,0.020051627291443885,0.02121409358652036,0.023085033414307066,0.02253600650954674
2019-11-22,0.01846907663021261,0.019451836696137238,0.02043348360816569,0.020057744072690953,0.020025501087473283,0.021194518040053855,0.0230711796701124,0.022524105499255417
2019-11-25,0.01839818027386242,0.019380246999075007,0.020361198672254482,0.01999538729626062,0.019978658020745353,0.02115943205232621,0.023046360364028014,0.022502792508734583
2019-11-26,0.018405092858199315,0.019387227671100404,0.020368247614121336,0.02000146940690099,0.019983227574486145,0.02116285401994887,0.023048780376628344,0.022504870188593314
2019-11-27,0.018409701130735617,0.019391881276060237,0.020372946673287384,0.020005523785372733,0.019986273598742874,0.021165135154963752,0.023050393669727554,0.022506255320574008
2019-11-28,0.018366023514433776,0.019347772124107383,0.02032840484267962,0.019967087702858738,0.01995739451210281,0.021143510536689683,0.02303510248809639,0.022493128435074637
2019-11-29,0.01841294781199048,0.019395159867548934,0.02037625726097823,0.02000838010542292,0.019988419495605297,0.021166742233371862,0.023051530284684884,0.022507231214815383
2019-12-03,0.018368013804485564,0.019349782169212647,0.02033043469437492,0.019968839552711466,0.019958710884663205,0.021144496107175413,0.0230357992845885,0.022493726523701674
2019-12-04,0.01846509780586861,0.019447819252439186,0.02042942743682836,0.020054245803659134,0.020022873517192168,0.021192549550742977,0.023069786806824165,0.02252290914083337
2019-12-05,0.01847127542423562,0.019454056817236935,0.020435725116272833,0.02005967723397206,0.02002695307749401,0.02119560584416754,0.023071949397900644,0.022524766647790247
2019-12-06,0.01845839647019196,0.019441052793565623,0.020422595672851318,0.020048353493941084,0.02001844767047352,0.021189233961953446,0.02306744086621633,0.022520894237671816
2019-12-09,0.0185558604466702,0.019539454207987843,0.02052193722932422,0.02013400782284465,0.020082772389125595,0.021237435943398872,0.023101558860144374,0.022550206795851718
2019-12-10,0.018559523688477388,0.019543152277099986,0.02052567022982616,0.02013722538194613,0.020085188202293002,0.021239246813385678,0.023102841151758056,0.0225513088560726
2019-12-11,0.018563710178008678,0.01954737853246667,0.020529936370197656,0.020140902367995442,0.020087948917843837,0.02124131626953929,0.023104306597742725,0.022552568360952326
2019-12-12,0.018594059913273845,0.019578015396155193,0.02056086123315665,0.020167553360012132,0.020107957285898655,0.02125631633214861,0.023114930119498014,0.022561700010083435
2019-12-13,0.018598978280516307,0.01958298010371855,0.020565872423315028,0.020171871474212517,0.02011119889270618,0.02125874679841419,0.02311665170352216,0.022563180006526844
2019-12-16,0.018645749753433062,0.019630189594049996,0.020613521300027964,0.020212922982820247,0.02014201290681952,0.021281854020748503,0.023133022847603723,0.022577256268280776
2019-12-17,0.018829184742843258,0.01981529598171226,0.020800304734770972,0.020373717822982466,0.02026265006063214,0.02137238434486576,0.023197223399035717,0.022632500269009898
2019-12-18,0.018797402791176178,0.01978322975340298,0.020767953219136936,0.020345882126816317,0.020241772866625825,0.021356709894281387,0.02318610070885974,0.022622924382399053
2019-12-19,0.018804930499388056,0.019790824995189252,0.020775616232670876,0.020352476040891805,0.020246718655551936,0.021360422874106486,0.023188735198065975,0.022625192313870453
2019-12-20,0.018812353410617533,0.019798314377487254,0.020783172321631425,0.020358977613544132,0.020251595029451085,0.021364083914028546,0.023191332995122764,0.022627428771623423
2019-12-23,0.018624510214996236,0.019608751742526312,0.020591884510161487,0.020194283608174386,0.020128022600138042,0.021271361945450866,0.023125588575190942,0.022570863569459518
2019-12-24,0.018533356376000253,0.01951673553884618,0.020499003326190427,0.020114238797288818,0.020067928563669422,0.02122631006507381,0.023093681385843605,0.02254343713144793
2019-12-27,0.018549371130062282,0.019532903123527432,0.02051532419306411,0.020128307696970302,0.020078492520093267,0.021234227896962714,0.023099287311711812,0.022548254589892784
2019-12-30,0.018572082924962246,0.019555830693334712,0.020538468184008046,0.02014825562216646,0.0200934696648388,0.021245454831300623,0.023107237393247253,0.022555087394661923
2019-12-31,0.018571768952536608,0.01955551374572079,0.020538148252225722,0.020147979892410177,0.020093262653287806,0.02124529964366958,0.02310712749073702,0.022554992930321514
2020-01-02,0.018480279786796075,0.01946314840637996,0.020444904178089637,0.020067593301531163,0.02003289866659601,0.021200060325001206,0.023075101523996493,0.02252747423141392
2020-01-03,0.018389486876368544,0.01937146782445756,0.02035233349232997,0.019987737656509113,0.019972910579451775,0.021155128217217302,0.023043316890580035,0.02250017969976552
2020-01-06,0.018404569184942026,0.019386698843426114,0.02036771361820868,0.020001008663752543,0.01998288141790709,0.02116259479111459,0.023048597045405208,0.0225047127878431
2020-01-07,0.018360995335493787,0.019342693998215508,0.02032327663986907,0.019962661736409256,0.01995406871014291,0.021141020556977065,0.023033342127800616,0.022491617482355945
2020-01-08,0.018367071037689687,0.019348830045863828,0.02032947319005464,0.019968009735827588,0.019958087346179675,0.02114402926128433,0.023035469223996595,0.02249344321833802
2020-01-09,0.018315212831983497,0.019296454169553518,0.020276578318028256,0.01992235115007058,0.019923774951362567,0.02111834362746332,0.023017313384562615,0.022477862045741634
2020-01-10,0.01827403212183161,0.019254858179579615,0.02023456602122185,0.019886074901703233,0.019896508120427793,0.021097938047694966,0.023002895241668993,0.022465492409661683
2020-01-13,0.01831091697451809,0.019292115164757078,0.020272196057721348,0.019918567684360015,0.019920931348585868,0.0211162153280626,0.02301580934673497,0.022476571538796924
2020-01-14,0.018298552833550592,0.019279626613526123,0.02025958278622788,0.01990767728238594,0.019912745984081156,0.021110089293469705,0.02301148046397089,0.022472857443666082
2020-01-15,0.018286397598006182,0.019267348743410823,0.02024718197874509,0.019896969433555862,0.019904697420256336,0.021104066098803102,0.023007224679346877,0.022469206367019243
2020-01-16,0.018277699918052746,0.019258563113705336,0.020238308183816868,0.019889306547890458,0.01989893735705149,0.02109975579604945,0.023004179426103083,0.02246659399993558
2020-01-17,0.018282101195326386,0.019263008916795325,0.020242798621632967,0.019893184281463264,0.019901852210541488,0.021101936975984684,0.023005720414927412,0.02246791591633246
2020-01-20,0.01829540930053047,0.019276451396315713,0.020256375806332536,0.019904908204079825,0.019910664642807725,0.02110853166492031,0.023010379855941322,0.02247191319326909
2020-01-21,0.018299810234572916,0.01928089668204236,0.020260865553672056,0.019908784876017185,0.019913578484674926,0.021110712326485807,0.02301192070211832,0.022473235145082267
2020-01-22,0.018284930542815783,0.01926586686517172,0.020245685241043494,0.019895676970865812,0.019903725912168452,0.021103339095058092,0.023006711031879994,0.022468765724378278
2020-01-23,0.018281577238219125,0.019262479661264903,0.020242264054700657,0.019892722660349183,0.019901505217356938,0.021101677318461992,0.023005536965735856,0.022467758544871288
2020-01-24,0.01829656193435772,0.019277615650243055,0.02025755170912634,0.019905923548421946,0.019911427816168222,0.0211091028030201,0.02301078341431895,0.022472259417893242
2020-01-27,0.018259779551373975,0.01924046101657092,0.02022002391542271,0.01987351590876753,0.019887067143727195,0.021090873947748685,0.02299790503418194,0.022461212002616672
2020-01-28,0.01824709820373523,0.019227650642644367,0.020207084205830273,0.01986233977331426,0.019878665235214615,0.02108458784095987,0.022993464904750915,0.022457403776870905
2020-01-29,0.018286397598006182,0.019267348743410823,0.02024718197874509,0.019896969433555862,0.019904697420256336,0.021104066098803102,0.023007224679346877,0.022469206367019243
2020-01-30,0.018276337600656948,0.019257187005738852,0.020236918251620842,0.019888106243552032,0.019898035089543367,0.02109908064281827,0.023003702446187123,0.02246618483712033
2020-01-31,0.018274765685814726,0.01925559917354784,0.02023531446327406,0.019886721245598364,0.01989699398171971,0.02109830160452284,0.0230031520805253,0.02246571272722748
2020-02-03,0.01827675677611068,0.01925761042488669,0.020237345924816772,0.019888475570656084,0.0198983127128805,0.021099288383588564,0.023003849209599934,0.022466310733281362
2020-02-04,0.018284616172613337,0.01926554931797611,0.02024536450905543,0.019895400010761097,0.01990351772822959,0.02110318330667903,0.023006600964053197,0.022468671301082453
2020-02-05,0.018286502387299966,0.019267454591309807,0.020247288887851336,0.019897061751197674,0.019904766812622265,0.021104118027094304,0.023007261368300926,0.02246923784153102
2020-02-06,0.018276966363547406,0.019257822134023272,0.020237559760831067,0.0198886602333107,0.01989845152369393,0.02109939225353553,0.023003922591185756,0.022466373681391816
2020-02-07,0.018276966363547406,0.019257822134023272,0.020237559760831067,0.0198886602333107,0.01989845152369393,0.02109939225353553,0.023003922591185756,0.022466373681391816
2020-02-10,0.018276651982319782,0.019257504570209062,0.02023723900666371,0.019888383239104423,0.019898243307259998,0.02109923644850554,0.023003812518776874,0.02246627925923362
2020-02-11,0.01825820752192793,0.01923887301163391,0.020218419896527954,0.01987213055633711,0.01988602569812585,0.021090094736371218,0.022997354620890618,0.022460739904549214
2020-02-12,0.018361938127531518,0.019343646159612184,0.020324238194968265,0.019963491631367757,0.019954692323023042,0.021141487440990016,0.023033672198883064,0.022491900785115024
2020-02-13,0.01827675677611068,0.01925761042488669,0.020237345924816772,0.019888475570656084,0.0198983127128805,0.021099288383588564,0.023003849209599934,0.022466310733281362
2020-02-14,0.018276651982319782,0.019257504570209062,0.02023723900666371,0.019888383239104423,0.019898243307259998,0.02109923644850554,0.023003812518776874,0.02246627925923362
2020-02-18,0.018276651982319782,0.019257504570209062,0.02023723900666371,0.019888383239104423,0.019898243307259998,0.02109923644850554,0.023003812518776874,0.02246627925923362
2020-02-19,0.01827707115719324,0.019257927988482238,0.0202376666786923,0.019888752564413657,0.019898520928886863,0.021099444188399468,0.023003959281948524,0.022466405155454526
2020-02-20,0.018176132477594288,0.01915595638228144,0.02013465971903803,0.019799768431804664,0.01983161771136792,0.02104939708653077,0.022968616768490498,0.022436097944268707
2020-02-21,0.018156107119548154,0.01913572345143583,0.02011421874987483,0.019782102966687053,0.019818332518910457,0.02103946276968286,0.022961604771673937,0.02243008740658249
2020-02-24,0.018115107298198197,0.019094295912229883,0.020072362556174388,0.019745922614311143,0.019791119913840534,0.021019117717344913,0.022947248083175872,0.022417783679880298
2020-02-25,0.018109758950392452,0.019088891498632035,0.020066901956232133,0.01974120175213052,0.019787568837245962,0.021016463191740477,0.02294537524512122,0.022416178902200583
2020-02-26,0.01800811644501023,0.018986171619451604,0.019963102483700028,0.01965143145556468,0.019720027948887914,0.02096599111436566,0.022909781390427847,0.022385690592104386
2020-02-27,0.017678226483907204,0.018652629813699445,0.019625902563448528,0.01935938367895908,0.019500104935741756,0.0208018628338488,0.022794237880746845,0.02228686392084481
2020-02-28,0.016211395878991904,0.017166713334092074,0.01812088947754719,0.018048144263969675,0.01850914426954497,0.020066266450364086,0.022280107376317963,0.02184975023001435
2020-03-02,0.0151929774447789,0.016132341508401784,0.01707057307652555,0.01712573147558339,0.017808703517668695,0.019550028648862097,0.02192279144876671,0.021548455791131047
2020-03-03,0.014204865703298791,0.015126665910429785,0.016047354729209127,0.016221491668068883,0.017119523767881756,0.019044897980729128,0.02157583413633732,0.021257819781567534
2020-03-04,0.013134600707327863,0.014035090055208003,0.01493450464318444,0.015231898708103476,0.01636253530332137,0.018493103328077604,0.021199729078499163,0.020944875677295628
2020-03-05,0.01044282407093625,0.011279412145203255,0.012115079609607974,0.012697179548766374,0.014411315549443887,0.017084282513281965,0.020252446877641953,0.020166165652010216
2020-03-06,0.009275720481192032,0.010080112978001519,0.010883678727202022,0.011578201581153271,0.013544672272157002,0.016464283123336886,0.01984113199780914,0.019832175035941226
2020-03-09,0.008182544938938805,0.008954368055243694,0.009725466868379835,0.010519367491098884,0.012721834596425926,0.01587863181464814,0.01945555331818044,0.01952129894499308
2020-03-10,0.008538231108785706,0.009320905518642784,0.01010282076265989,0.01086501090193047,0.012990729284110849,0.016069703754964193,0.019581042403682435,0.01962224228814225
2020-03-11,0.008078857054880782,0.008847470920130482,0.009615370921744412,0.010418402865566959,0.012643236631646841,0.015822837719917833,0.01941896530753439,0.01949190971819472
2020-03-12,0.008070652044437729,0.008839011072112666,0.00960665706757114,0.010410409420038786,0.0126370129707217,0.015818420828516366,0.01941606991547414,0.019489584812552033
2020-03-13,0.0071551305707779084,0.007894243953243488,0.008632741954279197,0.009514888012804968,0.01193884639070885,0.015323926273734322,0.019092893051026415,0.019230827953642185
2020-03-16,0.005982404112055022,0.00668172776026562,0.007380575125847633,0.008357424164612888,0.011033839825436677,0.014685758726546183,0.018678616892604975,0.018901265667355522
2020-03-17,0.005429641325154601,0.006109313030858867,0.006788579418715106,0.0078078643018233,0.01060314348589064,0.014383128677384727,0.018483230330872374,0.018746655082953426
2020-03-18,0.0062147433416493494,0.006922156235330138,0.007629064047235709,0.008587656698693253,0.01121408610212507,0.014812612448716397,0.018760719960699515,0.018966390864468812
2020-03-19,0.007731602295964094,0.008489317730635751,0.009246355170253797,0.010079598753743594,0.012379317218907827,0.015635673945820765,0.019296410813520855,0.019393606217086017
2020-03-20,0.006559602692426282,0.007278835027981514,0.00799752066336879,0.008928555552824005,0.011480763203215432,0.015000518103717147,0.018882560246118063,0.019063207760857317
2020-03-23,0.00648870899187027,0.007205529890544639,0.007921812534377907,0.008858557519508875,0.011426025834904392,0.014961927196926588,0.018857515610526385,0.01904328997357488
2020-03-24,0.007654904250852229,0.008410181362887032,0.009164788589918458,0.010004628442747205,0.01232088208384097,0.015594271493987628,0.019269338135096546,0.019371919268176403
2020-03-25,0.007643287909776111,0.008398194742115225,0.009152432923676394,0.009993269406396908,0.012312027246551912,0.015587998860140515,0.019265237699581404,0.019368635457630796
2020-03-26,0.007079023490965261,0.007815633635913337,0.008551636950895896,0.009440122979101333,0.011880476828567247,0.015282672017062508,0.01906601794725833,0.019209376036336948
2020-03-27,0.003206811570006681,0.003801743528917791,0.004396589935844332,0.005572497478118468,0.00884492406217245,0.013154500679509193,0.017696768294353436,0.01812955498198878
2020-03-30,0.0032064769765815238,0.0038013954986128315,0.004396228520894481,0.005572157966327544,0.008844656273298897,0.013154314348723804,0.01769664982172875,0.01812946264542525
2020-03-31,0.003248632320916799,0.0038452421510576096,0.0044417599100240665,0.005614925851334126,0.008878387570103445,0.01317778685165377,0.01771157594807603,0.018141097406069298
2020-04-01,0.003154944394942851,0.0037477910023192016,0.004340560169541369,0.005519857084651577,0.008803401477746371,0.013125611563213922,0.017678402878825526,0.018115243350600965
2020-04-02,0.003052629454208879,0.003641348113679977,0.00423000542083449,0.005415953191158206,0.008721426846556652,0.013068594707846793,0.01764217275519488,0.01808702335960543
2020-04-03,0.002366171178797373,0.002926704655205712,0.003487287664842407,0.004716655726281979,0.008169186707870636,0.012685054087960517,0.01739903068968482,0.017898085315541292
2020-04-06,0.0026646465624964957,0.003237539622694951,0.003810433373263043,0.005021178683941356,0.008409783787432845,0.012852032724954438,0.01750476380316534,0.017980151657550937
2020-04-07,0.002658611134142252,0.003231255863695625,0.003803902261686593,0.005015028045364123,0.008404926018706377,0.012848659519932462,0.01750262599837516,0.017978490914675155
2020-04-08,0.00298521550374846,0.003571203940690981,0.004157141687823996,0.005347446154841562,0.00866736718464825,0.013031005894044037,0.01761829984375133,0.018068438002078597
2020-04-09,0.002987113157533897,0.003573178560893217,0.004159192973623119,0.005349375079286827,0.00866888944253849,0.013032064221731584,0.017618971863717435,0.018068961074994092
2020-04-13,0.0030454870897525235,0.0036339168780439774,0.0042222864413404,0.005408696751981917,0.008715701133244543,0.013064613049144164,0.017639643522447682,0.018085053963978043
2020-04-14,0.00329747034833135,0.0038960355641188627,0.004494501119876764,0.00566445556107158,0.008917447571711246,0.013204972097876033,0.017728867709442826,0.01815457984578152
2020-04-15,0.0022385795158506275,0.002793780626015998,0.0033490524431403273,0.004586261240799392,0.008066111941732533,0.012613574568007054,0.01735382566704641,0.01786304345854121
2020-04-16,0.0017311738626562788,0.002264880377797098,0.0027987435425359357,0.004066424182504328,0.007654877308517424,0.012328725779132962,0.017174016599747027,0.017723923690124703
2020-04-17,0.0025560990910320647,0.003124515876350921,0.003692951003058654,0.0049105145019566025,0.008322370457640595,0.012791344987931429,0.017466313958738412,0.01795029126167916
2020-04-20,0.0023136871297702944,0.0028720307121830446,0.0034304325161839035,0.004663034511919487,0.008126803813217306,0.012655658653942347,0.017380436346984215,0.017883668187503976
2020-04-21,0.002794932714352006,0.003373170427965845,0.003951387815026801,0.00515388053500942,0.00851457423809078,0.012924817023127026,0.01755091025696722,0.01801601495078303
2020-04-22,0.0029950385016911506,0.003581425276386779,0.004167759804535921,0.0053574307082481865,0.008675246662605326,0.013036484068044389,0.017621778472558074,0.018071145689228723
2020-04-23,0.0031029551880290434,0.003693706637566097,0.004284388807363157,0.005467071041243674,0.008761758681089967,0.013096644477814624,0.017659993608314592,0.01810090202387374
2020-04-27,0.0030983805277506648,0.003688947384387021,0.0042794456807517135,0.005462425221084329,0.008758093348577196,0.013094095112547104,0.01765837369967216,0.01809964028518435
2020-04-28,0.0030970415874139175,0.0036875544090584703,0.004277998881053104,0.005461065421279865,0.008757020523007487,0.013093348933635384,0.0176578995736787,0.01809927099739854
2020-04-29,0.0030961489566542688,0.0036866257530083477,0.0042770343401384876,0.00546015887611143,0.008756305294559235,0.013092851475185137,0.017657583488075314,0.018099024805940507
2020-04-30,0.0030957026401138995,0.0036861614232339595,0.004276552067346516,0.005459705599937573,0.008755947676914577,0.013092602744207286,0.017657425444791295,0.01809890171033124
2020-05-01,0.0031017278481282255,0.003692429776788575,0.004283062618713334,0.0054658246263674885,0.008760775322712465,0.013095960513817255,0.0176595590019948,0.018100563507792322
2020-05-04,0.0030983805277506648,0.003688947384387021,0.0042794456807517135,0.005462425221084329,0.008758093348577196,0.013094095112547104,0.01765837369967216,0.01809964028518435
2020-05-05,0.003206811570006681,0.003801743528917791,0.004396589935844332,0.005572497478118468,0.00884492406217245,0.013154500679509193,0.017696768294353436,0.01812955498198878
2020-05-06,0.0033173151147933913,0.003916673640048461,0.004515929429088498,0.005684575873318179,0.008933313457356009,0.013216015979508755,0.0177358938531409,0.018160059284329434
2020-05-07,0.0032078153476709278,0.003802787615896685,0.0043976741754408934,0.005573516005414554,0.008845727421096908,0.013155059667921723,0.017697123711142265,0.018129831991948814
2020-05-08,0.0031021741542236895,0.0036928940908190237,0.004283544870493339,0.0054662778702346025,0.008761132909572323,0.013096209229020543,0.017659717040937897,0.018100686604479343
2020-05-11,0.0031195794884633574,0.0037110014283566815,0.00430235147588875,0.005483952514440258,0.008775077018429327,0.01310590821052941,0.017665880308910316,0.01810548743754367
2020-05-12,0.0031257157039234523,0.0037173850026293214,0.004308981445388844,0.005490183091642987,0.008779992383669308,0.013109327299482007,0.01766805313933999,0.018107180067896807
2020-05-13,0.003122257127743483,0.0037137870151538505,0.004305244589676066,0.005486671367404474,0.008777221958097771,0.013107400203785122,0.017666828460573835,0.018106226038023445
2020-05-14,0.00312649666630693,0.00371819744171992,0.004309825238579611,0.00549097604173975,0.008780617944681619,0.013109762440410195,0.017668329677033665,0.01810739549466086
2020-05-15,0.003131182390849429,0.0037230720012611353,0.004314887897625539,0.005495733588414604,0.008784371164100104,0.013112373210831058,0.017669988882516054,0.0181086880603795
2020-05-19,0.0030546382085254687,0.003643438094910808,0.004232176312026315,0.005417993954295167,0.008723037098244277,0.013069714495460476,0.017642884087073565,0.018087577255807966
2020-05-20,0.0030604411885431742,0.0036494756858092775,0.004238447598424091,0.0054238892200321725,0.00872768867706251,0.013072949304540246,0.01764493900925797,0.018089177409474178
2020-05-21,0.0031029551880290434,0.003693706637566097,0.004284388807363157,0.005467071041243674,0.008761758681089967,0.013096644477814624,0.017659993608314592,0.01810090202387374
2020-05-22,0.002944245099961415,0.003528570239125688,0.004112851192766512,0.005305793540875352,0.00863449428044902,0.01300815332089328,0.017603790702497294,0.01805714613249119
2020-05-25,0.0030983805277506648,0.003688947384387021,0.0042794456807517135,0.005462425221084329,0.008758093348577196,0.013094095112547104,0.01765837369967216,0.01809964028518435
2020-05-26,0.002877919527617467,0.0034595455697290223,0.00404113799466143,0.005238334904153425,0.008581247866229625,0.012971144933312537,0.017580301506287588,0.018038871342620853
2020-05-27,0.0026529108778899375,0.0032253210072592355,0.0037977337291813284,0.005009218708461077,0.008400337744416994,0.012845473519650607,0.017500606906708495,0.017976922448652174
2020-05-28,0.0025386556996190865,0.0031063511740207035,0.003674067838227103,0.004892722144545826,0.008308314180937627,0.012781588530041684,0.01746013487415484,0.017945494355542498
2020-05-29,0.0024375503143655762,0.0030010541304350373,0.003564595711291314,0.004789546053281285,0.008226791574279541,0.012725016117076072,0.017424318242387757,0.01791769929009335
2020-06-01,0.002469877019100099,0.003034723047682311,0.00359960152943412,0.0048225437370461,0.008252866223639566,0.012743108256824833,0.01743577025686171,0.0179265846585313
2020-06-02,0.002459251039269276,0.0030236560821934287,0.00358809532299772,0.004811698125844672,0.00824429628546219,0.01273716168662991,0.017432005939026277,0.017923663816698684
2020-06-03,0.002465962235199431,0.0030306458211404983,0.003595362502888531,0.0048185481425975,0.008249709027643612,0.012740917491855986,0.017434383424024015,0.01792550855366966
2020-06-04,0.0024727851059371106,0.0030377517867412763,0.0036027504434411155,0.004825511774314578,0.008255211456216431,0.01274473562431716,0.01743680045960435,0.017927384054671
2020-06-05,0.002479160412693568,0.0030443915422602363,0.003609653601730846,0.004832018271445622,0.008260352590498609,0.012748303141835404,0.01743905893346261,0.0179291365887802
2020-06-08,0.002338867371922136,0.0028982622165576477,0.00345771111065121,0.004688763080748285,0.008147140670648697,0.012669762945735599,0.01738935742552429,0.017890584583179516
2020-06-09,0.002329578945334954,0.0028885861355875853,0.0034476489135047564,0.004679272978986033,0.008139639469790844,0.012664560459575536,0.017386066657204602,0.017888033172259843
2020-06-10,0.002319730611146589,0.002878326609759654,0.00343697982798685,0.004669210058995015,0.008131685317025978,0.012659044021154059,0.017382577498620922,0.017885328099429047
2020-06-11,0.002314582469242072,0.0028729634511614533,0.0034314025062019415,0.004663949435303086,0.00812752702519083,0.012656160203263158,0.017380753558331914,0.017883914099463674
2020-06-12,0.0023224165576081297,0.002881124718236632,0.0034398896532918583,0.004671954606588254,0.00813385474087347,0.012660548560447259,0.01738352910275993,0.017886065842732692
2020-06-15,0.0024517566647498158,0.00301585056359795,0.003579979891585326,0.004804048304132556,0.008238251450332105,0.012732967393419642,0.017429350995276816,0.01792160388164275
2020-06-17,0.002464284452537057,0.003028898411003636,0.0035935457407470263,0.004816835688888578,0.008248355890199508,0.012739978565197225,0.017433789059557264,0.017925047367742922
2020-06-18,0.0025827091773765656,0.003152225273989167,0.0037217553730609027,0.0049376522397083225,0.008343808607749099,0.012806226416249894,0.0174757400814198,0.01795760985242055
2020-06-19,0.002602385462713864,0.0031727136016388297,0.0037430525396323798,0.00495771503368108,0.008359656837308169,0.012817228509321068,0.017482709927369236,0.017963022101305116
2020-06-22,0.0028139226311147012,0.0033929367964439273,0.003971927587304824,0.00517321116125799,0.008529836249331317,0.012935420505686829,0.017557636016920133,0.018021244299435954
2020-06-23,0.0028186140423279086,0.003397819927685487,0.003977001686199409,0.005177986297159194,0.008533606229364126,0.012938039864482052,0.01755929758579033,0.018022536278375745
2020-06-24,0.0026923630152122045,0.0032663956381962867,0.0038404244650579573,0.005049420460078995,0.008432088202930066,0.012867521746509453,0.01751458111702284,0.01798777895983158
2020-06-25,0.0026869987726020434,0.0032608109528032836,0.0038346202045463785,0.005043955027786413,0.00842777190339215,0.012864524221915665,0.017512681088224905,0.017986302683827105
2020-06-26,0.002681522660019367,0.003255109746578149,0.003828694790760534,0.00503837537687212,0.008423365342243113,0.012861464075336108,0.017510741427733553,0.01798479566393036
2020-06-29,0.0026646465624964957,0.003237539622694951,0.003810433373263043,0.005021178683941356,0.008409783787432845,0.012852032724954438,0.01750476380316534,0.017980151657550937
2020-06-30,0.002658611134142252,0.003231255863695625,0.003803902261686593,0.005015028045364123,0.008404926018706377,0.012848659519932462,0.01750262599837516,0.017978490914675155
2020-07-02,0.0026496694996142383,0.00322194620042109,0.003794226019424525,0.0050059151865268405,0.008397728560377635,0.012843661787716253,0.017499458772448455,0.01797603058160353
2020-07-03,0.0026553698273851416,0.003227881164659732,0.003800394695803397,0.00501172474464133,0.008402317045457398,0.012846847896010063,0.017501477893838338,0.017977599040246872
2020-07-06,0.002556210903847737,0.0031246323110287184,0.003693072041350768,0.004910628543788641,0.00832246055079044,0.01279140752359527,0.017466353566677372,0.01795032201146916
2020-07-07,0.0025491666020210327,0.00311729678397606,0.003685446438964395,0.004903443616263435,0.008316784404004324,0.012787467634144793,0.017463858227273785,0.01794838478444408
2020-07-08,0.0024863184646241126,0.003051846424127009,0.003617404139642809,0.004839323232955717,0.008266124540302695,0.012752308492766411,0.01744159468594466,0.017931104365696286
2020-07-09,0.002426139924897294,0.0029891695296995545,0.0035522387768395637,0.004777896829412029,0.008217585914822554,0.01271862919968918,0.017420275954175377,0.017914563377201424
2020-07-10,0.002432180781991111,0.0029954614716113876,0.0035587808093858215,0.004784064259418559,0.00822245968394977,0.012722010603541396,0.01742241601515684,0.01791622355991296
2020-07-13,0.0024517566647498158,0.00301585056359795,0.003579979891585326,0.004804048304132556,0.008238251450332105,0.012732967393419642,0.017429350995276816,0.01792160388164275
2020-07-14,0.0023979473940438705,0.0029598043238178145,0.0035217055409875993,0.004749109722628055,0.008194836163808422,0.01270284649928563,0.01741028822807496,0.017906816050260548
2020-07-15,0.0025376493142101296,0.0031053031563049375,0.0036729783526428,0.004891695551333086,0.008307503136074316,0.012781025603246055,0.01745977837358389,0.01794521761466248
2020-07-16,0.002426587400628737,0.0029896356067596625,0.0035527233815707527,0.0047783536910360035,0.008217946949010126,0.012718879681351644,0.017420434479220724,0.01791468635319961
2020-07-17,0.002366171178797373,0.002926704655205712,0.003487287664842407,0.004716655726281979,0.008169186707870636,0.012685054087960517,0.01739903068968482,0.017898085315541292
2020-07-20,0.002338867371922136,0.0028982622165576477,0.00345771111065121,0.004688763080748285,0.008147140670648697,0.012669762945735599,0.01738935742552429,0.017890584583179516
2020-07-21,0.002329578945334954,0.0028885861355875853,0.0034476489135047564,0.004679272978986033,0.008139639469790844,0.012664560459575536,0.017386066657204602,0.017888033172259843
2020-07-22,0.0022085751593755782,0.002762518067114336,0.003316536686579703,0.004555578879257116,0.008041853440089626,0.01259675683189412,0.01734319472966345,0.017854806489699934
2020-07-23,0.0022011854938305164,0.0027548182753498645,0.003308528002695421,0.004548021126753947,0.008035877760596048,0.01259261434567157,0.017340576441487197,0.017852778037443527
2020-07-24,0.002205552139839328,0.0027593681906774503,0.00331326045802553,0.004552487150162595,0.008039408918971116,0.012595062216889942,0.01734212362235415,0.01785397666569528
2020-07-27,0.0022173081289067476,0.002771617411675378,0.003326000948495441,0.004564509928603744,0.008048914806359006,0.012601652087291165,0.01734628895737156,0.01785720377947919
2020-07-28,0.0022738413901914126,0.002830519105045127,0.0033872616575693583,0.004622310730523178,0.008094611646095142,0.012633334977381047,0.01736631913989743,0.01787272542858457
2020-07-29,0.0023143586346642637,0.002872730266854183,0.0034311600092810975,0.004663720705354596,0.008127346223052582,0.012656034816371137,0.017380674255615573,0.017883852621443812
2020-07-30,0.002322528471439577,0.0028812413051787318,0.0034400108947969304,0.00467206896086837,0.008133945131752253,0.012660611248671594,0.017383568752681176,0.017886096582099383
2020-07-31,0.002313351376670503,0.002871680933863479,0.0034300687683220584,0.004662691413182761,0.008126532606375617,0.012655470571742043,0.01738031739239723,0.017883575970601417
2020-08-04,0.002219547304474535,0.002773950505516604,0.0033284275869879176,0.00456679979467984,0.00805072527342296,0.01260290720941293,0.01734708232939669,0.017857818474056004
2020-08-05,0.0022801096655294174,0.0028370496330389974,0.0033940533962812216,0.0046287179749813015,0.008099676779683119,0.0126368471804078,0.017368539992971683,0.01787444671953552
2020-08-06,0.0022704833231667566,0.002827020513879249,0.0033836231006284384,0.0046188780851918534,0.008091897997819335,0.01263145334583608,0.017365129371254156,0.017871803314868876
2020-08-07,0.0022606327421631892,0.0028167576013550183,0.003372949495202981,0.004608808215661607,0.008083937222901544,0.012625933514130364,0.017361639278891127,0.017869098473875605
2020-08-10,0.0022302950779534655,0.002785148950110716,0.0033400749101099893,0.004577790319049074,0.008059414721766151,0.01260893138896416,0.017350890403218137,0.017860769035806887
2020-08-11,0.002219547304474535,0.002773950505516604,0.0033284275869879176,0.00456679979467984,0.00805072527342296,0.01260290720941293,0.01734708232939669,0.017857818474056004
2020-08-12,0.0022085751593755782,0.002762518067114336,0.003316536686579703,0.004555578879257116,0.008041853440089626,0.01259675683189412,0.01734319472966345,0.017854806489699934
2020-08-13,0.0022015213922885746,0.0027551682727725867,0.003308892042973806,0.004548364675092837,0.00803614939585956,0.01259280264740124,0.017340695456485266,0.0178528702393473
2020-08-14,0.0022072315994892885,0.0027611181285912504,0.0033150805937550566,0.004554204790898472,0.008040766999086178,0.012596003676242775,0.01734271868377914,0.017854437678582136
2020-08-17,0.0022302950779534655,0.002785148950110716,0.0033400749101099893,0.004577790319049074,0.008059414721766151,0.01260893138896416,0.017350890403218137,0.017860769035806887
2020-08-18,0.0021647939168304505,0.002716898002925467,0.0032690851209730186,0.004510795418053152,0.008006443010613866,0.012572211099103982,0.017327682078868135,0.01784278976381471
2020-08-19,0.0021530355464696714,0.0027046451925280194,0.003256339840066482,0.004498765274123469,0.007996930104718728,0.012565617632320994,0.01732351575418208,0.017839562895744444
2020-08-20,0.0020894191196545436,0.002638349391603953,0.00318737534667655,0.004433659336824844,0.007945442573222227,0.012529936158325811,0.017300974080446365,0.017822108029763455
2020-08-21,0.0020932275841794986,0.0026423184639054343,0.003191504386057294,0.004437557880993022,0.007948525867163828,0.012532072684175723,0.017302323588425955,0.01782315281799475
2020-08-24,0.0021053246889352157,0.0026549255464238183,0.0032046194122830676,0.004449940344990828,0.00795831876682374,0.01253885873570191,0.017306610106729167,0.01782647159534277
2020-08-25,0.0021093569318482563,0.002659127718336007,0.0032089908355480558,0.00445406744530919,0.007961582697292757,0.012541120563582524,0.017308038894072574,0.017827577867391864
2020-08-26,0.002105100673602517,0.0026546920896589297,0.003204376551738463,0.004449711055956214,0.007958137431937394,0.012538733075822277,0.017306530728890854,0.017826410135974097
2020-08-27,0.0020005764290804843,0.0025457527164673708,0.0030910396773692833,0.004342682483003041,0.007873482542466895,0.012480080887758448,0.0172694922015303,0.017797741516844316
2020-08-28,0.0020036018378888406,0.0025489061943303965,0.0030943207124108896,0.004345781602264859,0.007875934105608821,0.012481779111194403,0.017270564301824227,0.01779857109431204
2020-08-31,0.002014022420624236,0.002559767766917939,0.003105621512522833,0.004356455511798052,0.007884377583379183,0.012487628139964208,0.01727425697958518,0.01780142855565403
2020-09-01,0.002054692305935715,0.0026021569047874997,0.003149723036067996,0.004398105812076996,0.007917322587998769,0.012510452175713636,0.01728866867142218,0.017812582285465617
2020-09-02,0.002042256736321647,0.0025891959564292807,0.0031362388067484653,0.004385371861704502,0.007907250488992995,0.012503473946515666,0.017284262071521565,0.017809171571027717
2020-09-03,0.0019773804570813996,0.002521574287561634,0.0030658827194168427,0.004318918946268967,0.007854683773299561,0.012467059406026333,0.017261272279218302,0.017791381543768622
2020-09-04,0.0019824232359476747,0.0025268307334375107,0.0030713519778964894,0.00432408547769178,0.007858770981742513,0.012469890429120405,0.01726305929210431,0.017792764128424014
2020-09-08,0.001999792058079504,0.0025449351394587674,0.003090189027078755,0.004341878989840245,0.007872846935062548,0.012479640598917766,0.017269214247210726,0.0177975264417983
2020-09-09,0.0019862332705933607,0.0025308021724321055,0.0030754841758817053,0.004327988878341078,0.007861858903380942,0.012472029326267219,0.017264409452628134,0.017793808754642475
2020-09-10,0.002033517871511797,0.002580087725726438,0.003126762685328397,0.004376422577894086,0.007900171747268387,0.012498569787691136,0.0172811653937279,0.017806774889552516
2020-09-11,0.0020373271564453855,0.002584058034656048,0.0031308933751213203,0.004380323659637217,0.007903257459242152,0.012500707552574717,0.01728251524267039,0.017807819593129985
2020-09-14,0.0020494268672049953,0.002596669045287315,0.003144013643832841,0.00439271418416722,0.00791305803971012,0.012507497539854912,0.017286802844032244,0.01781113810157762
2020-09-15,0.002105212681293044,0.0026548088180778184,0.003204497982059404,0.004449825700548305,0.007958228099451828,0.01253879590579861,0.01730657041782006,0.01782644086565594
2020-09-16,0.002108460883283457,0.002658193910519045,0.00320801941905093,0.004453150328656753,0.007960857395373243,0.012540617943344014,0.017307721388024888,0.017827332028599898
2020-09-17,0.002111709044606438,0.002661578941660952,0.003211540774231974,0.004456474830978302,0.00796348657143346,0.01254243991947086,0.017308872341328278,0.017828223195740123
2020-09-18,0.0021640100420591882,0.002716081173899763,0.003268235468945475,0.00450999345975975,0.008005808865772648,0.012571771559701206,0.01732740433078228,0.017842574637565254
2020-09-21,0.0021245892839474607,0.002675001737499112,0.0032255039634566914,0.004469656963828287,0.007973911434346805,0.012549664392523576,0.01731343630009509,0.017831757175713652
2020-09-22,0.0021273892513550413,0.002677919609039299,0.0032285392691392646,0.004472522383138192,0.007976177459479282,0.012551234802340541,0.01731442842987494,0.017832525440961467
2020-09-23,0.0020400160298015236,0.002586860554934714,0.003133809088446393,0.004383077260297571,0.00790543550967522,0.01250221651225162,0.017283468063230632,0.01780855703442215
2020-09-24,0.0021143971473606684,0.0026643803003867537,0.00321445493734082,0.004459226048119003,0.007965662350632261,0.0125439477153354,0.017309824841625354,0.01782896071654681
2020-09-25,0.00205009905682054,0.0025973696320611478,0.0031447425143812,0.0043934024954887674,0.007913602467660182,0.012507874736394083,0.017287041037234784,0.01781132246486449
2020-09-28,0.002012677852804577,0.0025583663091047005,0.0031041633920433787,0.004355078305838778,0.00788328817164236,0.012486873462067328,0.017273780514802436,0.017801059848539785
2020-09-29,0.0018896204296164612,0.0024300885016043123,0.0029706860881616426,0.004228972815168535,0.0077835201461008835,0.012417775930510808,0.01723017174037153,0.017767326188208744
2020-09-30,0.001819772307221272,0.00235726520617394,0.0028948995483643897,0.004157340974714962,0.007726835835941978,0.012378531167369899,0.017205417554543044,0.01774818854398637
2020-10-01,0.0019765960160125127,0.0025207566049374377,0.0030650319281710367,0.004318115236381774,0.007854047959380502,0.012466619011364612,0.01726099429577841,0.01779116647595256
2020-10-02,0.0019781648957808407,0.0025223919666142883,0.0030667335058960454,0.0043197226488273155,0.007855319580235033,0.012467499797109564,0.01726155026167345,0.017791596611829177
2020-10-05,0.0019825352965880698,0.0025269475416694253,0.0030714735147364296,0.004324200286061107,0.007858861805318789,0.01246995333906502,0.01726309900303955,0.01779279485264223
2020-10-06,0.0016696979732041305,0.002200768990198467,0.002732007257626865,0.004003303017176656,0.007604909522678092,0.012294150457524397,0.017152227303869134,0.01770709369669911
2020-10-07,0.0015414268955440946,0.002066977170565469,0.0025927169456151427,0.00387150246620276,0.007500550658314795,0.012221963835588765,0.01710676050042637,0.017671995083504116
2020-10-08,0.0015287422463543983,0.0020537449853086504,0.0025789394341316635,0.003858461701532671,0.0074902233513024314,0.012214822092886005,0.017102264105955202,0.017668525495950285
2020-10-09,0.001534467252970564,0.0020597171487587943,0.0025851577568272114,0.0038643475928511785,0.00749488457360026,0.012218045472752728,0.017104293483905554,0.017670091408108123
2020-10-13,0.0015445698990035261,0.0020702557982514172,0.0025961306502398853,0.0038747335108732846,0.007503109355704639,0.012223733326786744,0.017107874611597632,0.01767285481416342
2020-10-14,0.0015474883682699125,0.002073300187077709,0.002599300450531111,0.003877733661641859,0.007505485188944602,0.012225376374488959,0.017108909129291538,0.017673653138992624
2020-10-15,0.0015403043851209353,0.002065806218257366,0.0025914977469092717,0.003870348493259606,0.0074996368107391985,0.012221331860570856,0.01710636259976109,0.017671688037788107
2020-10-16,0.0015227925964055977,0.002047538418489261,0.0025724769875469997,0.003852344578736671,0.007485378943182048,0.012211472104693918,0.017100155089168942,0.017666898189223915
2020-10-19,0.001468229095421055,0.001990615825074541,0.002513204830563735,0.003796232126870612,0.007440937967623196,0.01218074377974377,0.017080813170943464,0.017651976747107046
2020-10-20,0.001559386404672455,0.00208571141621004,0.0026122228019333843,0.0038899639991650217,0.007515170281222005,0.012232074442661962,0.017113126637753856,0.017676907882819046
2020-10-21,0.0014300503086918867,0.0019507831996014116,0.0024717250527855486,0.0037569554997345044,0.00740982756022768,0.012159236342751923,0.017067278965825175,0.01764153857877829
2020-10-22,0.001416237194225705,0.001936371086095924,0.0024567163632458347,0.003742742343389388,0.007398568854597104,0.012151453631630322,0.017062382195843873,0.017637762559959712
2020-10-23,0.0015227925964055977,0.002047538418489261,0.0025724769875469997,0.003852344578736671,0.007485378943182048,0.012211472104693918,0.017100155089168942,0.017666898189223915
2020-10-26,0.0015229048552090584,0.0020476555254186927,0.0025725989230306456,0.0038524600000366905,0.007485470350814425,0.012211535313917086,0.017100194882461013,0.01766692889299468
2020-10-27,0.0014495895626112643,0.0019711691841184714,0.002492954343943723,0.00377705805133355,0.007425750827024381,0.012170244144623291,0.017074205584565377,0.01764688039286297
2020-10-28,0.0014300503086918867,0.0019507831996014116,0.0024717250527855486,0.0037569554997345044,0.00740982756022768,0.012159236342751923,0.017067278965825175,0.01764153857877829
2020-10-29,0.0015284054773424902,0.002053393675672312,0.002578573642564202,0.003858115460516554,0.0074899491502111995,0.012214632476390147,0.017102144729153806,0.01766843338387457
2020-10-30,0.0014796816413978745,0.0020025639696614698,0.002525646571064977,0.003808011743443924,0.0074502678771057275,0.012187194364590178,0.017084872979456094,0.0176551083100816
2020-11-02,0.0014993294453088926,0.002023061470697477,0.0025469903367075423,0.003828218244757253,0.0074662716203647604,0.012198259774399539,0.01709183785010131,0.017660481210630623
2020-11-03,0.0015059532282542681,0.002029971553610982,0.002554185563331022,0.0038350296898732516,0.0074716661842611325,0.012201989894149312,0.017094185867761815,0.017662292680116185
2020-11-04,0.0015124645796200395,0.002036764269164057,0.0025612585068979024,0.0038417251792818683,0.007476968831293198,0.012205656543738319,0.01709649402032426,0.017664073463658878
2020-11-05,0.0015190880287636469,0.002043673848927498,0.0025684530620139387,0.003848535591928228,0.007482362411358612,0.01220938615935928,0.017098841899256315,0.01766588496758776
2020-11-06,0.0015255990519853074,0.0020504660698584766,0.0025755253454548587,0.003855230066366691,0.007487664091234821,0.01221305231336403,0.017101149915441635,0.017667665784989985
2020-11-09,0.0018010457844453694,0.002337739546813852,0.0028745779594617055,0.004138129635964133,0.007711631763842588,0.012368006485643006,0.01719878067663484,0.01774305887860772
2020-11-10,0.001676317425285543,0.0022076725450624287,0.0027391937718717267,0.004010101066660932,0.0076102913219984435,0.012297874036526001,0.0171545735216169,0.017708905613064672
2020-11-12,0.0017492324498428464,0.0022837118626128972,0.002818344818694733,0.00408496036790138,0.00766954949077495,0.012338879689023557,0.01718041705243156,0.017728868553264984
2020-11-13,0.0017337537375668294,0.0022675707055878624,0.0028015438792239255,0.004069072446354436,0.007656973560736993,0.012330176453587997,0.01717493098202421,0.017724630091226223
2020-11-16,0.0017408202204557289,0.002274939666863846,0.002809214103148552,0.004076325981285208,0.007662715082897873,0.012334149842299408,0.017177435539906336,0.017726565029499427
2020-11-17,0.0017799628158229439,0.0023157561327264,0.002851697715021715,0.0041164975090323295,0.00769451104647045,0.012356155903920212,0.017191308550633735,0.01773728433199033
2020-11-18,0.0017641494677618753,0.0022992668815459845,0.0028345352753858574,0.0041002699446726736,0.007681667202709469,0.012347266273724636,0.01718570398999687,0.01773295353775894
2020-11-19,0.0017529337446027088,0.0022875714988549803,0.0028223621601863257,0.004088759231481872,0.007672556376266247,0.012340960691442021,0.0171817288821301,0.017729882112613324
2020-11-20,0.0017561863541014136,0.0022909632348741935,0.0028258924637415044,0.004092097492287719,0.007675198662661417,0.01234278938548877,0.017182881684101155,0.017730772820768743
2020-11-23,0.0017660560926088483,0.002301255024115734,0.0028366046082271795,0.0041022266171694835,0.007683215901466457,0.012348338150083954,0.01718637973834792,0.017733475684995868
2020-11-24,0.0016713809007077468,0.002202524155318817,0.0027338343696212426,0.004005031384199673,0.007606277823774925,0.012295097154251955,0.017152823806538656,0.017707554351755646
2020-11-25,0.001677439349633456,0.0022088426139605984,0.0027404117915727872,0.004011253226836882,0.007611203442204605,0.012298505126415532,0.017154971178708536,0.017709212719254828
2020-11-26,0.0017492324498428464,0.0022837118626128972,0.002818344818694733,0.00408496036790138,0.00766954949077495,0.012338879689023557,0.01718041705243156,0.017728868553264984
2020-11-27,0.0017337537375668294,0.0022675707055878624,0.0028015438792239255,0.004069072446354436,0.007656973560736993,0.012330176453587997,0.01717493098202421,0.017724630091226223
2020-11-30,0.0017408202204557289,0.002274939666863846,0.002809214103148552,0.004076325981285208,0.007662715082897873,0.012334149842299408,0.017177435539906336,0.017726565029499427
2020-12-01,0.0016696979732041305,0.002200768990198467,0.002732007257626865,0.004003303017176656,0.007604909522678092,0.012294150457524397,0.017152227303869134,0.01770709369669911
2020-12-02,0.001652868099761931,0.0021832164369984417,0.0027137349338724843,0.003986017496039375,0.007591224747997165,0.012284682586497701,0.01714626202847558,0.01770248720788026
2020-12-03,0.001641535372040488,0.002171396793944203,0.0027014303361686705,0.003974376682621237,0.007582008526504805,0.012278306627642966,0.01714224515497315,0.017699385568654784
2020-12-04,0.0016480433353884315,0.002178184402629821,0.0027084964640760583,0.003981061692679895,0.007587301187859303,0.01228196816043043,0.017144551899470943,0.01770116670178994
2020-12-07,0.001772224489015854,0.0023076871057572446,0.0028432993159864675,0.004108556732043438,0.007688226115250936,0.012351805840763917,0.017188565943221337,0.017735164994759488
2020-12-08,0.001790055939583831,0.002326280428994262,0.0028626514525245455,0.004126853974074394,0.00770270776309717,0.012361829376808992,0.01719488572085705,0.01774004872060083
2020-12-09,0.0017921866600828908,0.002328502149396879,0.002864963807488607,0.004129040184038683,0.007704438033469931,0.012363027034351427,0.017195640880427257,0.017740632318918686
2020-12-10,0.0017927473731023335,0.0023290868082874094,0.0028655723161161765,0.004129615493476243,0.007704893359227217,0.012363342203007088,0.017195839605424132,0.017740785897722763
2020-12-11,0.0017420540311205,0.002276226281230497,0.0028105533090037158,0.004077592410636938,0.00766371751288767,0.012334843578858981,0.017177872835484123,0.017726902877895363
2020-12-14,0.0017953266374211236,0.002331776215713716,0.0028683714244796,0.0041322618687280425,0.0077069878118185805,0.012364791955307335,0.01719675373393858,0.017741492361828162
2020-12-15,0.0017245558056950756,0.0022579789258423766,0.0027915598348478223,0.004059630448213668,0.007649499621105949,0.012325004307131264,0.017171670961813053,0.01772211162980373
2020-12-16,0.0017085147319420948,0.0022412506251541517,0.0027741470705552216,0.004043162118447477,0.007636463506727864,0.012315983413433904,0.017165985481307714,0.017717719759056904
2020-12-17,0.0016969600592035973,0.0022292006459879027,0.002761603777151024,0.004031298419609836,0.007627072052295942,0.012309484921422833,0.01716189009039287,0.017714556446837323
2020-12-18,0.001646696873559263,0.0021767800899155695,0.0027070345334266025,0.003979678628431356,0.0075862061938117495,0.012281210622079066,0.017144074647535368,0.01770079819010898
2020-12-21,0.0016624051616294141,0.0021931630851665706,0.0027240895193960716,0.003995813037866129,0.007598979847367353,0.012290047915159292,0.0171496424067161,0.017705097537760464
2020-12-22,0.00155579460187996,0.002081964716356996,0.0026083218298943115,0.003886271998888348,0.007512246648526091,0.012230052470813569,0.017111853451446675,0.017675925312737324
2020-12-23,0.0011282413785361008,0.0016358092450361353,0.0021436394800481207,0.0034460623122506504,0.00716347614314458,0.011989030800982618,0.016960277073500854,0.017559097326371807
2020-12-24,0.0015403043851209353,0.002065806218257366,0.0025914977469092717,0.003870348493259606,0.0074996368107391985,0.012221331860570856,0.01710636259976109,0.017671688037788107
2020-12-29,0.0014495895626112643,0.0019711691841184714,0.002492954343943723,0.00377705805133355,0.007425750827024381,0.012170244144623291,0.017074205584565377,0.01764688039286297
2020-12-30,0.0014300503086918867,0.0019507831996014116,0.0024717250527855486,0.0037569554997345044,0.00740982756022768,0.012159236342751923,0.017067278965825175,0.01764153857877829
2020-12-31,0.0014154510600183129,0.0019355508513499938,0.00245586216592128,0.003741933396519445,0.007397928050404659,0.012151010679882376,0.0170621035087334,0.017637547666850068
2021-01-04,0.0012108633777009954,0.001722051325653496,0.002233486925052993,0.0035312427059956708,0.007230990203767487,0.012035658395245596,0.01698957159851371,0.017581653064014116
2021-01-05,0.0011636540055019007,0.0016727749583107334,0.0021821519628222215,0.0034825780892240527,0.007192420168399954,0.01200901888662733,0.016972833199340575,0.017568763741012548
2021-01-06,0.0016281823172890702,0.002157469725738711,0.00268693156650007,0.003960659310943537,0.007571147944477018,0.012270793403321505,0.01713751213995717,0.017695731227356657
2021-01-07,0.0016141552618432128,0.0021428393408623367,0.0026717002829442353,0.003946248026164573,0.007559737596614062,0.012262900247253515,0.017132540179051893,0.01769189270964775
2021-01-08,0.0015994540969018175,0.0021275054753157113,0.0026557362666265105,0.003931142491755782,0.007547777162240922,0.012254626995120612,0.017127329227039426,0.017687870026754704
2021-01-11,0.0015544476630667788,0.0020805596846695117,0.002606858939698366,0.0038848874592985775,0.0075111502486392544,0.012229294212090399,0.017111376001275918,0.01767555685027394
2021-01-12,0.0015387328624046968,0.002064166872780736,0.0025897908523784116,0.003868732906011723,0.007498357400189628,0.012220447083276676,0.017105805535453437,0.01767125817462395
2021-01-13,0.0014744045503597221,0.0019970585462662153,0.0025199137379378913,0.003802584074222206,0.007445968985377681,0.012184222130670382,0.0170830023093519,0.017653665328536402
2021-01-14,0.0014577866297384725,0.0019797212676219435,0.0025018600086300948,0.003785490532020121,0.007432429993127621,0.012174861701945415,0.017077111398600957,0.017649121543755947
2021-01-15,0.0014407184736096687,0.001961913752018907,0.002483316122762516,0.0037679315920348235,0.0074185218326612385,0.012165246623567327,0.017071060815838087,0.01764445506774467
2021-01-18,0.0013368256735761409,0.0018535093404708596,0.0023704183621175686,0.0036610016988613617,0.007333812364034242,0.01210669743371684,0.01703422982472402,0.017616059590566193
2021-01-19,0.001215696236827811,0.0017270955615022697,0.002238741679026505,0.003536223546930846,0.007234937621984236,0.012038385046527836,0.016991285091708445,0.017582972734847695
2021-01-20,0.001195352667747472,0.0017058619375074158,0.002216621616005188,0.0035152558136411723,0.00721831996534429,0.012026906834867863,0.016984072229829613,0.017577417903654222
2021-01-21,0.0011742206535244244,0.0016838045954200378,0.002193642706761635,0.0034934719856148273,0.007201054693374496,0.012014982181337404,0.016976579720412558,0.01757164841780486
2021-01-22,0.0011529745122138215,0.001661627330278955,0.0021705381036161305,0.0034715669575695065,0.007183692507283421,0.012002991496981464,0.01696904664124211,0.017565848420963533
2021-01-25,0.001141170353999067,0.0016493055023871278,0.0021577007114996025,0.00345939518895837,0.007174044648513306,0.011996328878448474,0.016964861287063877,0.017562626277510856
2021-01-26,0.001118909633686438,0.0016260678690658108,0.0021334901397572444,0.0034364382244071066,0.007155847268164591,0.011983762892807816,0.01695696830205445,0.017556550385245034
2021-01-27,0.0010956350354860566,0.001601770924376193,0.0021081750098463116,0.0034124314919399767,0.00713681675998806,0.01197062266475012,0.01694871570259006,0.017550198525210278
2021-01-28,0.0010793303389323144,0.001584749465321735,0.0020904397068523205,0.003395611364775915,0.00712348257361495,0.011961416293437811,0.016942934383330725,0.01754574928198953
2021-01-29,0.0010849527629343803,0.0015906191070716481,0.002096555559608745,0.003401411763850188,0.007128080907406321,0.011964591077682345,0.016944927989425998,0.017547283491939448
2021-02-01,0.0011019317495934823,0.0016083443190353093,0.002115023958696554,0.003418926699281496,0.007141965712610146,0.01197417781782809,0.01695094837485419,0.017551916881708124
2021-02-02,0.0011031685863310962,0.0016096354946981836,0.00211636925208819,0.0034202024884648226,0.007142977061498615,0.011974876124556706,0.01695138692807182,0.017552254417858872
2021-02-03,0.0011081158747707387,0.0016148001091544645,0.0021217503079488075,0.003425305464220544,0.007147022284600587,0.01197766926310439,0.016953141116625162,0.017553604568499314
2021-02-04,0.0011131755047510327,0.0016200819552525862,0.0021272534657350867,0.003430524117187564,0.007151159159190474,0.011980525735830248,0.01695493513285626,0.017554985414373288
2021-02-05,0.001117672871417131,0.0016247768056513933,0.0021321449961731504,0.0034351626655588874,0.007154836138760359,0.011983064698546007,0.01695652977978595,0.017556212841410276
2021-02-08,0.0012357010746563554,0.0017479749181139458,0.0022604920030516312,0.0035568389698743333,0.007251275294123354,0.01204967067819158,0.016998377761276412,0.017588435656439087
2021-02-09,0.0012397468106463343,0.00175219742857186,0.0022648905702758867,0.0035610078051192583,0.00725457899342552,0.012051952884181283,0.016999812156360292,0.01758954053620566
2021-02-10,0.001243792483966881,0.0017564198445661375,0.002269289011428341,0.0035651764465237296,0.0072578825080188755,0.012054234995523593,0.01700124652539868,0.01759064542243878
2021-02-11,0.0012475009627906934,0.001760290309577211,0.0022733208050675154,0.003568997530861041,0.007260910567467893,0.012056326847775606,0.01700256134080362,0.017591658240499814
2021-02-12,0.0012515465159948283,0.0017645125445161854,0.0022777190045823502,0.0035731658007379765,0.007264213728036027,0.012058608777710419,0.017003995659921466,0.017592763139127138
2021-02-16,0.0014714852626189444,0.0019940129237273384,0.0025167422911255913,0.0037995813918614103,0.007443590739806442,0.012182577846855716,0.017081967451498967,0.01765286708816144
2021-02-17,0.0014537442726753852,0.0019755038503284283,0.002497468238777138,0.0037813321480063226,0.007429136252708842,0.012172584599027543,0.017075678407803517,0.017648016315334955
2021-02-18,0.0014355528903572667,0.0019565243035201078,0.0024777037143002886,0.0037626170211686144,0.007414312135052807,0.012162336464635649,0.01706922962690202,0.01764304286746397
2021-02-19,0.0015227925964055977,0.002047538418489261,0.0025724769875469997,0.003852344578736671,0.007485378943182048,0.012211472104693918,0.017100155089168942,0.017666898189223915
2021-02-22,0.0015774569111885266,0.0021045608674118057,0.0026318480561511558,0.003908537051789901,0.007529877593926683,0.012242246353887463,0.017119532044127368,0.017681851516063864
2021-02-23,0.001559386404672455,0.00208571141621004,0.0026122228019333843,0.0038899639991650217,0.007515170281222005,0.012232074442661962,0.017113126637753856,0.017676907882819046
2021-02-24,0.0015414268955440946,0.002066977170565469,0.0025927169456151427,0.00387150246620276,0.007500550658314795,0.012221963835588765,0.01710676050042637,0.017671995083504116
2021-02-25,0.001754055338678845,0.002288741069923954,0.00282357951548121,0.004089910370106665,0.007673467523045573,0.012341591282533959,0.017182126401960353,0.017730189252882562
2021-02-26,0.0018769527414057145,0.002416881882172657,0.0029569426969995594,0.004215984511861719,0.0077732428290459635,0.012410659803364888,0.017225682394905465,0.017763854850537084
2021-03-01,0.0018848000546660933,0.002425063083553339,0.002965456448547038,0.00422403058856793,0.007779609523133465,0.01241506813363151,0.017228463435616907,0.017766005229195997
2021-03-02,0.0019317668758941694,0.0024740259504220626,0.0030164073671549076,0.0042721767822579615,0.007817704134124607,0.012441447657449329,0.017245107891902228,0.01777887729261806
2021-03-03,0.0018156234334414582,0.0023529393371816824,0.0028903973943566023,0.00415308493003271,0.0077234676118356224,0.012376199527296051,0.017203947156872318,0.01774705201929766
2021-03-04,0.0017492324498428464,0.0022837118626128972,0.002818344818694733,0.00408496036790138,0.00766954949077495,0.012338879689023557,0.01718041705243156,0.017728868553264984
2021-03-05,0.0017337537375668294,0.0022675707055878624,0.0028015438792239255,0.004069072446354436,0.007656973560736993,0.012330176453587997,0.01717493098202421,0.017724630091226223
2021-03-08,0.0016861901935892355,0.0022179689012126157,0.002749912011384251,0.00402023956289105,0.007618317490676367,0.012303427376913567,0.01715807283505096,0.01771160816466241
2021-03-09,0.0016696979732041305,0.002200768990198467,0.002732007257626865,0.004003303017176656,0.007604909522678092,0.012294150457524397,0.017152227303869134,0.01770709369669911
2021-03-10,0.001652868099761931,0.0021832164369984417,0.0027137349338724843,0.003986017496039375,0.007591224747997165,0.012284682586497701,0.01714626202847558,0.01770248720788026
2021-03-11,0.001641310956609886,0.0021711627340989686,0.0027011866707489993,0.003974146156058912,0.007581826012389524,0.01227818036350985,0.017142165610853626,0.01769932415057019
2021-03-12,0.0016474823104725086,0.0021775992736077668,0.00270788732800781,0.003980485418527115,0.007586844942833628,0.012281652520728726,0.01714435304484948,0.017701013155168886
2021-03-15,0.0016681272310511452,0.0021991308212897533,0.0027303019333514214,0.0040016898442594845,0.007603632412722369,0.01229326685908684,0.017151670563964588,0.017706663752992572
2021-03-16,0.001674858916404028,0.0022061514445979617,0.0027376103317173434,0.004008603236071745,0.007609105544423361,0.012297053608751565,0.017154056564393293,0.017708506375763416
2021-03-17,0.001569263607031907,0.0020960144559540603,0.0026229499614149774,0.003900116210205508,0.007523209518618389,0.012237634479644557,0.01711662779398731,0.017679609976888947
2021-03-18,0.0015755489044709003,0.0021025706419042947,0.0026297759434071536,0.003906576105081173,0.007528324822311909,0.012241172390538568,0.017118855721469064,0.017681329511415194
2021-03-19,0.0015052796308975866,0.0020292688449039817,0.002553453860836454,0.0038343370243207734,0.007471117607203892,0.012201610571549304,0.01709394708950021,0.017662108462087014
2021-03-22,0.001394224540768086,0.0019134031631670816,0.0024327970363821325,0.0037200890607278327,0.0073806236974119045,0.012139049630018904,0.017054578584516988,0.017631745645307357
2021-03-23,0.0014300503086918867,0.0019507831996014116,0.0024717250527855486,0.0037569554997345044,0.00740982756022768,0.012159236342751923,0.017067278965825175,0.01764153857877829
2021-03-24,0.0013043577105872404,0.0018196275001461505,0.0023351283754103466,0.0036275670945260926,0.007307321377023784,0.012088391956704055,0.017022719103134253,0.017607188797854667
2021-03-25,0.0014212908575537983,0.0019416439384686585,0.00246220751794601,0.0037479425411298824,0.007402688143368952,0.012154301093135835,0.017064173732326493,0.017639144021502417
2021-03-26,0.0014258952211121346,0.0019464479643500894,0.002467210398505717,0.0037526802353823946,0.007406441021872164,0.012156895318199384,0.017065805985691043,0.01764040269526024
2021-03-29,0.0014964104366791977,0.0020200162688716475,0.0025438194513816917,0.0038252164257044042,0.007463894197431836,0.012196615912116307,0.0170908031082473,0.017659682941455597
2021-03-30,0.0015060654943111357,0.002030088671473705,0.0025543075134063114,0.0038351451336085095,0.0074717576132718455,0.012202053114327042,0.01709422566406841,0.017662323383138508
2021-03-31,0.0014537442726753852,0.0019755038503284283,0.002497468238777138,0.0037813321480063226,0.007429136252708842,0.012172584599027543,0.017075678407803517,0.017648016315334955
2021-04-01,0.0014355528903572667,0.0019565243035201078,0.0024777037143002886,0.0037626170211686144,0.007414312135052807,0.012162336464635649,0.01706922962690202,0.01764304286746397
2021-04-05,0.001413991090204013,0.0019340275487748906,0.0024542757868153005,0.0037404310471742495,0.007396737966947944,0.012150188045713672,0.017061585944344215,0.017637148580295095
2021-04-06,0.001394224540768086,0.0019134031631670816,0.0024327970363821325,0.0037200890607278327,0.0073806236974119045,0.012139049630018904,0.017054578584516988,0.017631745645307357
2021-04-07,0.0013743441707252074,0.0018926593164735673,0.002411193208592598,0.0036996268222260157,0.007364413417060481,0.012127845646365296,0.017047530782310104,0.017626312167703467
2021-04-08,0.001360303448652572,0.001878008331454252,0.0023959344319481007,0.0036851732657200353,0.007352962788852089,0.012119931850082135,0.01704255314153681,0.017622475060184814
2021-04-09,0.0013668184376500671,0.0018848065301257807,0.0024030146933215722,0.0036918800065499227,0.007358276157261477,0.012123603993455578,0.017044862805903768,0.017624255468378647
2021-04-12,0.0013847899777620358,0.0019035589104561147,0.002422544752312823,0.0037103787520931025,0.007372931239699671,0.012133732770490862,0.01705123394332382,0.017629167026277086
2021-04-13,0.0016251525372878105,0.002154309659037043,0.0026836417379503073,0.003957546671310077,0.00756868349789553,0.01226908857823003,0.017136438222989745,0.017694902100930273
2021-04-14,0.0015574782656043375,0.0020837209912064085,0.002610150422940524,0.003888002643087991,0.007513617119523886,0.012231000279428878,0.017112450260090513,0.017676385891826955
2021-04-15,0.0014881023101234736,0.0020113488862948973,0.0025347942639885974,0.0038166722334591506,0.007457127158675106,0.012191936956943882,0.01708785799938146,0.017657410963034408
2021-04-16,0.0014174725431929302,0.0019376600191949845,0.002458058663696793,0.0037440135308063273,0.007399575818504102,0.012152149691432797,0.017062820130742177,0.01763810024962598
2021-04-19,0.001413991090204013,0.0019340275487748906,0.0024542757868153005,0.0037404310471742495,0.007396737966947944,0.012150188045713672,0.017061585944344215,0.017637148580295095
2021-04-20,0.001394224540768086,0.0019134031631670816,0.0024327970363821325,0.0037200890607278327,0.0073806236974119045,0.012139049630018904,0.017054578584516988,0.017631745645307357
2021-04-21,0.0013743441707252074,0.0018926593164735673,0.002411193208592598,0.0036996268222260157,0.007364413417060481,0.012127845646365296,0.017047530782310104,0.017626312167703467
2021-04-22,0.0013612020774958489,0.0018789460286073572,0.002396911039179277,0.0036860983633343596,0.00735369569575783,0.012120438367222482,0.017042871719951617,0.017622720632730866
2021-04-23,0.0014244353097602914,0.0019449247498973137,0.002465624137008387,0.0037511780668652147,0.007405251110724826,0.012156072772324425,0.017065288445598934,0.01764000360267282
2021-04-26,0.0014459962464680334,0.00196742020314354,0.002489050327504109,0.0037733613701688845,0.007422822733952738,0.012168219887215682,0.017072931769307652,0.01764589797893628
2021-04-27,0.0017274722583210263,0.002261020274922145,0.00279472557827299,0.004062624361387891,0.007651869510598806,0.012326644309173915,0.017172704641388547,0.017722910162719884
2021-04-28,0.0016608343754724291,0.0021915248499292227,0.0027223841065979896,0.003994199728841848,0.007597702607716399,0.012289164250264079,0.017149085648523434,0.017704667598594473
2021-04-29,0.0016445649614222244,0.0021745565733189767,0.002704719781250037,0.00397748873265665,0.00758447241126366,0.012280011164848625,0.017143318992718853,0.017700214714750234
2021-04-30,0.0016284067440349866,0.0021577038026398794,0.0026871752546827055,0.003960889872504832,0.007571330491942501,0.012270919684543732,0.01713759168877936,0.01769579264427368
2021-05-03,0.0015774569111885266,0.0021045608674118057,0.0026318480561511558,0.003908537051789901,0.007529877593926683,0.012242246353887463,0.017119532044127368,0.017681851516063864
2021-05-04,0.001559386404672455,0.00208571141621004,0.0026122228019333843,0.0038899639991650217,0.007515170281222005,0.012232074442661962,0.017113126637753856,0.017676907882819046
2021-05-05,0.0015414268955440946,0.002066977170565469,0.0025927169456151427,0.00387150246620276,0.007500550658314795,0.012221963835588765,0.01710676050042637,0.017671995083504116
2021-05-06,0.0015288545025949891,0.002053862088374986,0.002579061364459595,0.003858577114905574,0.007490314751381131,0.012214885298238562,0.01710230389818214,0.0176685561999855
2021-05-07,0.0015901391889011408,0.0021177894780654927,0.0026456207969453678,0.003921570481333811,0.007540197911363812,0.012249384515033629,0.01712402745300955,0.017685321348318447
2021-05-10,0.0016652101133361728,0.002196088469700066,0.0027271348519698046,0.003998693873923534,0.0076012605629787525,0.012291625852584146,0.017150636607977224,0.017705865288703597
2021-05-11,0.0015627536748192988,0.0020892238795358637,0.0026158798727518246,0.0038934251103259297,0.007517911054328749,0.012233969973351562,0.01711432023122678,0.017677829046911
2021-05-12,0.0015174041169727665,0.0020419172001595247,0.0025666239699335116,0.003846804180443456,0.0074809912092217755,0.012208437976098049,0.017098244987515714,0.01766542441409486
2021-05-13,0.0015150466221869495,0.0020394578643324686,0.002564063204249972,0.003844380147827976,0.007479071472356801,0.012207110491926836,0.017097409303482268,0.017664779641090877
2021-05-14,0.001459246354387632,0.0019812442006518025,0.002503445894538517,0.0037869921230542824,0.007433619353996626,0.012175683965850025,0.017077628861099186,0.017649520655608274
2021-05-17,0.001475302786165078,0.0019979956509807114,0.0025208895544965347,0.0038035079561457835,0.0074467007338627315,0.012184728054219685,0.017083320724419638,0.017653910941638054
2021-05-18,0.0014809166898322895,0.0020038524497578295,0.002526988266935498,0.003809282001294182,0.007451273955237061,0.012187889970508754,0.017085310789452565,0.01765544603075833
2021-05-19,0.0014860813744359803,0.002009240543694731,0.00253259886759035,0.003814593792584009,0.0074554810042123595,0.012190798772243584,0.01708714160490905,0.01765685832376606
2021-05-20,0.0014166864127089533,0.0019368397900614773,0.0024572044738626155,0.00374320459545314,0.0073989350252858695,0.012151706745308194,0.01706254144517916,0.017637885356132137
2021-05-21,0.0014234245971140747,0.0019438702095986508,0.0024645259463412883,0.003750138089238372,0.00740442731197466,0.012155503310257904,0.017064930146622498,0.01763972730829858
2021-05-25,0.0015009012056467286,0.002024701174348729,0.00254869770926065,0.0038298345669835233,0.007467551731268571,0.012199144910565077,0.017092395013164813,0.017660911049275804
2021-05-26,0.001506626823870132,0.0020306742596939917,0.0025549172623235946,0.0038357223500412726,0.007472214756187573,0.012202369214120226,0.017094424645299932,0.017662476898324977
2021-05-27,0.0015122400529705374,0.002036530041675023,0.002561014617739695,0.0038414943087125655,0.007476785989376785,0.012205530111635296,0.017096414429982013,0.017664012057050402
2021-05-28,0.0015303138293222668,0.002055384421604487,0.0025806464498704437,0.0038600774751425954,0.007491502939434701,0.012215706961176055,0.017102821195303514,0.017668955352897378
2021-05-31,0.0015816095833839092,0.00210889246187714,0.0026363578514136364,0.003912804845207859,0.007533257013296778,0.01224458373057181,0.017121004020424584,0.01768298764881324
2021-06-01,0.0017245558056950756,0.0022579789258423766,0.0027915598348478223,0.004059630448213668,0.007649499621105949,0.012325004307131264,0.017171670961813053,0.01772211162980373
2021-06-02,0.0017085147319420948,0.0022412506251541517,0.0027741470705552216,0.004043162118447477,0.007636463506727864,0.012315983413433904,0.017165985481307714,0.017717719759056904
2021-06-03,0.0016969600592035973,0.0022292006459879027,0.002761603777151024,0.004031298419609836,0.007627072052295942,0.012309484921422833,0.01716189009039287,0.017714556446837323
2021-06-04,0.001701896098673566,0.0022343483045129957,0.0027669622035123784,0.004036366601602399,0.007631084120736444,0.012312261071055966,0.01716363960385966,0.017715907758202178
2021-06-07,0.0017155819002779103,0.002248620619626159,0.002781818673390177,0.004050417773508212,0.0076422070491413635,0.012319957837351153,0.017168490324062483,0.017719654626602303
2021-06-08,0.0017205175865553375,0.002253767745772856,0.0027871763892357605,0.004055484863054268,0.007646218076599492,0.012322733453570286,0.017170239690741988,0.01772100597441131
2021-06-09,0.0017250044928421185,0.002258446828907901,0.002792046876578064,0.004060091056821475,0.007649864225760444,0.012325256618351162,0.01717182999032431,0.017722234480802054
2021-06-10,0.0017298278308090485,0.002263476713208352,0.002797282476879118,0.004065042448216678,0.007653783581777546,0.012327968890167866,0.01717353952651251,0.01772355513407608
2021-06-11,0.001734314576553765,0.002268155554353217,0.0028021526412597073,0.00406964814541729,0.007657429257764692,0.012330491812487835,0.017175129759373336,0.017724783657032346
2021-06-14,0.0017408202204557289,0.002274939666863846,0.002809214103148552,0.004076325981285208,0.007662715082897873,0.012334149842299408,0.017177435539906336,0.017726565029499427
2021-06-15,0.0017245558056950756,0.0022579789258423766,0.0027915598348478223,0.004059630448213668,0.007649499621105949,0.012325004307131264,0.017171670961813053,0.01772211162980373
2021-06-16,0.001819772307221272,0.00235726520617394,0.0028948995483643897,0.004157340974714962,0.007726835835941978,0.012378531167369899,0.017205417554543044,0.01774818854398637
2021-06-17,0.001809343930990711,0.002346391886202275,0.002883583070114962,0.004146642959416278,0.007718369388006224,0.012372670368364485,0.017201721637795278,0.01774533188681582
2021-06-18,0.0018179782077646272,0.00235539457236852,0.0028929526872982572,0.004155500548087941,0.007725379330542423,0.012377522902850314,0.017204781710277915,0.017747697073012457
2021-06-21,0.001898364137380774,0.0024392040322470604,0.0029801719521303735,0.0042379370785384516,0.0077906131617119356,0.012422687403475382,0.017233270430903426,0.017769722369963912
2021-06-22,0.0018978036521182958,0.002438619716661876,0.0029795639016804163,0.004237362473567355,0.007790158507234355,0.01242237257879288,0.017233071800562643,0.017769568767658745
2021-06-23,0.0018481398593958418,0.0023868421229321316,0.002925680978760954,0.0041864376311714965,0.007749861977754699,0.012394471864971064,0.017215471158120204,0.017755960098550537
2021-06-24,0.001955191066768453,0.002498444172226525,0.0030418156418985844,0.004296182609845165,0.007836696627493275,0.012454601147520217,0.017253408939050315,0.017785298291320095
2021-06-25,0.001959898065552264,0.0025033507991109928,0.0030469210982354707,0.004301005959072169,0.007840512549567132,0.012457244047663027,0.0172550769861353,0.017786588661857134
2021-06-28,0.0019743547427595607,0.002518420349188381,0.003062601069775204,0.004315818882034939,0.007852231309702183,0.012465360721184347,0.017260200051952578,0.017790551997825296
2021-06-29,0.0019790613942502677,0.002523326452586863,0.0030677058274641905,0.004320641157062761,0.00785604620818138,0.012468003096822862,0.017261867954702095,0.017791842404197757
2021-06-30,0.0019862332705933607,0.0025308021724321055,0.0030754841758817053,0.004327988878341078,0.007861858903380942,0.012472029326267219,0.017264409452628134,0.017793808754642475
2021-07-02,0.0019830955990647035,0.0025275315817356704,0.0030720811974769653,0.0043247743256642135,0.007859315921062338,0.012470267887692631,0.017263297557414296,0.01779294847380814
2021-07-05,0.001999119738192778,0.0025442343563230234,0.0030894598944644757,0.004341190275581828,0.007872302123157595,0.012479263205634713,0.01726897599986731,0.017797342091953456
2021-07-06,0.0021129410951595843,0.0026628629029551466,0.003212876439278879,0.004457735816195253,0.007964483813756583,0.012543130997797112,0.01730930890540136,0.017828561225753096
2021-07-07,0.0021176452343604104,0.0026677652194988695,0.0032179761430061547,0.004462550320554149,0.00796829130763581,0.012545769579214527,0.017310975764039907,0.017829851891356073
2021-07-08,0.002122349288261176,0.002672667407467088,0.003223075675135701,0.00446736456107465,0.007972098550105822,0.012548408031806325,0.017312642587227638,0.01783114256576073
2021-07-09,0.002127053256861881,0.0026775694668598007,0.0032281750356675173,0.004472178537756755,0.007975905541166619,0.012551046355572509,0.017314309374964552,0.01783243324896707
2021-07-12,0.0021410526586953947,0.002692158168563263,0.0032433506885817635,0.004486504288192018,0.007987234384128922,0.01255889774738379,0.01731926984299227,0.017836274620112686
2021-07-13,0.002219547304474535,0.002773950505516604,0.0033284275869879176,0.00456679979467984,0.00805072527342296,0.01260290720941293,0.01734708232939669,0.017857818474056004
2021-07-14,0.0022085751593755782,0.002762518067114336,0.003316536686579703,0.004555578879257116,0.008041853440089626,0.01259675683189412,0.01734319472966345,0.017854806489699934
2021-07-15,0.002201633358344548,0.0027552849384343834,0.003309013389538712,0.004548479190906663,0.008036239940662354,0.012592865414498403,0.017340735128111098,0.017852900973325203
2021-07-16,0.0023163731389012673,0.0028748289151236586,0.003433342467560713,0.0046657792533531806,0.008128973421773607,0.012657163287882939,0.017381387977168723,0.01788440592434108
2021-07-19,0.0023258858638974264,0.002884738879548523,0.003443648094714986,0.004675499519722589,0.008136656791842944,0.012662491861442563,0.0173847582409736,0.017887018765420218
2021-07-20,0.00232510247621659,0.0028839227847297713,0.003442799422564955,0.004674699068030182,0.008136024082628156,0.012662053057674951,0.01738448069532316,0.017886803588910358
2021-07-21,0.0023272288086948435,0.00288613789092851,0.003445102950168247,0.004676871705573077,0.008137741419963618,0.012663244088147292,0.017385234031226163,0.017887387640005935
2021-07-22,0.0022295114012002007,0.002784332419563864,0.0033392256564343183,0.004576988973237661,0.008058781160553469,0.01260849214862085,0.01735061273742882,0.017860553889124952
2021-07-23,0.002366171178797373,0.002926704655205712,0.003487287664842407,0.004716655726281979,0.008169186707870636,0.012685054087960517,0.01739903068968482,0.017898085315541292
2021-07-26,0.002338867371922136,0.0028982622165576477,0.00345771111065121,0.004688763080748285,0.008147140670648697,0.012669762945735599,0.01738935742552429,0.017890584583179516
2021-07-27,0.002301935512330982,0.0028597880806797565,0.003417700820097647,0.004651025255196095,0.008117310810551677,0.012649075385853916,0.01737627282882118,0.017880440622633824
2021-07-28,0.002291974200091366,0.002849410363777232,0.0034069083521887054,0.004640844689226886,0.008109263130278774,0.012643494651955188,0.017372743578025103,0.017877704920247806
2021-07-29,0.002284922702595261,0.002842063990462317,0.003399268274308121,0.004633637505048481,0.008103565775329604,0.012639543895143861,0.017370245248091876,0.017875768435707543
2021-07-30,0.002287944796451772,0.002845212471592573,0.003402542640676726,0.004636726370957967,0.008106007568145052,0.0126412371121272,0.017371315970687463,0.017876598355228417
2021-08-03,0.0023229761262818045,0.002881707652218245,0.003440495859844441,0.004672526376493148,0.008134306693842169,0.012660862000838637,0.017383727352165205,0.017886219539616034
2021-08-04,0.0022730578451116545,0.002829702772973955,0.003386412668780659,0.004621509791986113,0.008093978472970494,0.012632895935899502,0.01736604152883179,0.01787251026831591
2021-08-05,0.0022758562095163953,0.0028326182282567757,0.0033894447497099765,0.004624370253108488,0.008096239773491023,0.012634463924758898,0.017367032992401554,0.0178732786989695
2021-08-06,0.002284139191026241,0.00284124770890295,0.0033984193529328155,0.0046328366701622135,0.008102932700972862,0.01263910490427238,0.017369967650953347,0.01787555327198108
2021-08-09,0.0022938769522478876,0.0028513926689170033,0.003408969894356904,0.004642789383251157,0.008110800414857877,0.01264456067952932,0.017373417716880918,0.01787822746708812
2021-08-10,0.002375346401994142,0.002936262205440267,0.003497226026284095,0.004726027485077991,0.008176593717066857,0.012690191938321691,0.017402281272140864,0.01790060612015736
2021-08-11,0.0023689685373964103,0.002929618594405478,0.0034903177223971314,0.004719513076384727,0.008171445043928768,0.012686620557787713,0.017400021735240412,0.017898853849978892
2021-08-12,0.0023712064025154206,0.0029319497129654173,0.0034927417246659806,0.0047217988891612135,0.00817325164864027,0.012687873700785793,0.01740081456264131,0.0178994686797743
2021-08-13,0.0024278179549008304,0.0029909173126616484,0.0035540560365561183,0.004779610048162556,0.008218939781267866,0.012719568499898408,0.017420870421437442,0.017915024537606277
2021-08-16,0.002432516381028548,0.002995811017707847,0.003559144247321154,0.004784406881630837,0.008222730436715632,0.012722198453066866,0.01742253490571531,0.017916315792712436
2021-08-17,0.0024440383506715777,0.003007811702454032,0.003571621752062366,0.0047961694277592745,0.008232025503648011,0.012728647554768371,0.017426616705180777,0.017919482479399406
2021-08-18,0.0024472823078234293,0.00301119039651455,0.003575134649732169,0.004799480926317921,0.00823464228854045,0.012730463181486679,0.01742776591122513,0.017920374080346833
2021-08-19,0.002443702766576158,0.0030074621788801527,0.0035712583441858195,0.004795826851763587,0.008231754794921518,0.012728459727809295,0.01742649782083223,0.017919390245058137
2021-08-20,0.002446163706502822,0.003010025336521548,0.0035739233149494733,0.004798339044472199,0.00823373996246198,0.01272983711024584,0.017427369635188004,0.017920066631270257
2021-08-23,0.002443479043604098,0.0030072291627997903,0.003571016071781733,0.004795598467018621,0.00823157432172458,0.012728334509471424,0.017426418564499384,0.01791932875552224
2021-08-24,0.002494371036294787,0.003060232809364501,0.003626123018522517,0.0048475405823684165,0.008272617286043452,0.012756814155006985,0.017444447309092864,0.017933318139156045
2021-08-25,0.0024863184646241126,0.003051846424127009,0.003617404139642809,0.004839323232955717,0.008266124540302695,0.012752308492766411,0.01744159468594466,0.017931104365696286
2021-08-26,0.0024250212321837647,0.0029880043319470825,0.0035510272582021576,0.004776754664882312,0.008216683319377067,0.012718002990420897,0.017419879640155227,0.01791425593755522
2021-08-27,0.0023716539732181324,0.002932415933178752,0.003493226520450424,0.004722256044537234,0.008173612962741503,0.01268812432587995,0.017400973127156844,0.017899591645972882
2021-08-30,0.0023799338916627626,0.002941040796768918,0.0035021949617194082,0.004730712987339651,0.008180296862295164,0.012692760679356138,0.017403906512694713,0.017901866535046707
2021-08-31,0.0022738413901914126,0.002830519105045127,0.0033872616575693583,0.004622310730523178,0.008094611646095142,0.012633334977381047,0.01736631913989743,0.01787272542858457
2021-09-01,0.002221450588499179,0.0027759336123581784,0.003330490199112709,0.004568746133805306,0.008052264125604077,0.01260397404024837,0.017347756689297597,0.017858340966015525
2021-09-02,0.002173528361124233,0.002725999570443287,0.0032785523496617537,0.004519731028932307,0.008013508723526238,0.01257710858178199,0.017330776919489522,0.017845186901420652
2021-09-03,0.002171736704228055,0.0027241326183872526,0.003276610402282997,0.004517898157296795,0.008012059417209599,0.012576104006173679,0.01733014209035573,0.017844695178411252
2021-09-07,0.002219547304474535,0.002773950505516604,0.0033284275869879176,0.00456679979467984,0.00805072527342296,0.01260290720941293,0.01734708232939669,0.017857818474056004
2021-09-08,0.0022085751593755782,0.002762518067114336,0.003316536686579703,0.004555578879257116,0.008041853440089626,0.01259675683189412,0.01734319472966345,0.017854806489699934
2021-09-09,0.002145420317424824,0.0026967096103969737,0.0032480851811971653,0.004490973444008553,0.007990768527347068,0.01256134714807771,0.017320817444747238,0.017837473143866907
2021-09-10,0.0021486680159804694,0.0027000939439948985,0.003251605605431341,0.004494296514961936,0.007993396339469537,0.01256316842530368,0.017321968205723914,0.01783836435875776
2021-09-13,0.0021579629284670465,0.0027097798013682242,0.0032616808502310317,0.004503806678014596,0.008000916656549142,0.012568380706884463,0.0173252616695919,0.0178409151004302
2021-09-14,0.0021093569318482563,0.002659127718336007,0.0032089908355480558,0.00445406744530919,0.007961582697292757,0.012541120563582524,0.017308038894072574,0.017827577867391864
2021-09-15,0.002113389112091865,0.002663329795784559,0.0032133621327412425,0.004458194351787096,0.007964846443052962,0.01254338229681575,0.017309467655370486,0.0178286841459075
2021-09-16,0.0019165232057728617,0.0024581348712428373,0.002999871470834561,0.004256552256392243,0.007805342038887341,0.012432886735306323,0.01723970578209488,0.01777469915214586
2021-09-17,0.00192358472297966,0.0024654963475876273,0.0030075317053199135,0.004263790432159292,0.007811068925440356,0.012436852624526549,0.01724220827623301,0.01777663460280274
2021-09-20,0.0017953266374211236,0.002331776215713716,0.0028683714244796,0.0041322618687280425,0.0077069878118185805,0.012364791955307335,0.01719675373393858,0.017741492361828162
2021-09-21,0.0017799628158229439,0.0023157561327264,0.002851697715021715,0.0041164975090323295,0.00769451104647045,0.012356155903920212,0.017191308550633735,0.01773728433199033
2021-09-22,0.0017641494677618753,0.0022992668815459845,0.0028345352753858574,0.0041002699446726736,0.007681667202709469,0.012347266273724636,0.01718570398999687,0.01773295353775894
2021-09-23,0.001753270223333288,0.0022879223709410027,0.002822727367796206,0.004089104574639776,0.007672829721796528,0.012341149869536423,0.01718184813829019,0.017729974254641703
2021-09-24,0.0017578687223673874,0.002292717557037787,0.002827718450720153,0.00409382412955391,0.007676565315488652,0.012343735237619818,0.017183477954350778,0.017731233533530188
2021-09-27,0.0019401729290056385,0.00248278883647361,0.003025525657916482,0.004280792065269239,0.007824520338349773,0.012446168176366373,0.017248086837559188,0.017781181453682335
2021-09-28,0.001892198733003956,0.002432776460588193,0.0029734832634241096,0.004231616218200045,0.00778561176649048,0.01241922423155106,0.01723108546952167,0.017768032751467794
2021-09-29,0.0018973552630379045,0.002438152262881733,0.002979077459569453,0.0042369027868982495,0.00778979478108689,0.01242212071773233,0.017232912895928272,0.017769445885904425
2021-10-01,0.0018413005351275327,0.0023797113563992466,0.002918259938718367,0.004179423107660375,0.007744311054852724,0.012390628883334006,0.01721304728443096,0.017754086295305994
2021-10-04,0.0017953266374211236,0.002331776215713716,0.0028683714244796,0.0041322618687280425,0.0077069878118185805,0.012364791955307335,0.01719675373393858,0.017741492361828162
2021-10-05,0.0017799628158229439,0.0023157561327264,0.002851697715021715,0.0041164975090323295,0.00769451104647045,0.012356155903920212,0.017191308550633735,0.01773728433199033
2021-10-06,0.0017641494677618753,0.0022992668815459845,0.0028345352753858574,0.0041002699446726736,0.007681667202709469,0.012347266273724636,0.01718570398999687,0.01773295353775894
2021-10-07,0.0017537188609637426,0.0022883901993685923,0.0028232143099141595,0.0040895650300896945,0.007673194180508259,0.012341402105973197,0.017182007146222294,0.0177300971107494
2021-10-08,0.0017599997065519523,0.002294939674901986,0.002830031336139102,0.004096011155113873,0.007678296363035136,0.012344933293396993,0.017184233223509027,0.017731817104639665
2021-10-12,0.0018027278625750824,0.0023394934316457953,0.002876403362774606,0.004139855375820816,0.007712997561536439,0.012368951899591689,0.01719937682630345,0.017743519621306863
2021-10-13,0.0018122594331302722,0.0023494318025835573,0.0028867469014511402,0.0041496339326769546,0.007720736476082115,0.012374308934921708,0.01720275492234738,0.017746130517807865
2021-10-14,0.0018044099298246859,0.0023412473000778023,0.0028782287442000415,0.004141581082024642,0.007714363327162788,0.012369897297108532,0.01719997297145028,0.017743980365128666
2021-10-15,0.0017126653143827038,0.0022455790696653865,0.002778652661867876,0.004047423448123888,0.00763983676685724,0.012318317634036733,0.017167456589100107,0.01771885610743753
2021-10-18,0.0017953266374211236,0.002331776215713716,0.0028683714244796,0.0041322618687280425,0.0077069878118185805,0.012364791955307335,0.01719675373393858,0.017741492361828162
2021-10-19,0.0017799628158229439,0.0023157561327264,0.002851697715021715,0.0041164975090323295,0.00769451104647045,0.012356155903920212,0.017191308550633735,0.01773728433199033
2021-10-20,0.0017641494677618753,0.0022992668815459845,0.0028345352753858574,0.0041002699446726736,0.007681667202709469,0.012347266273724636,0.01718570398999687,0.01773295353775894
2021-10-21,0.001866526658702294,0.0024060120193076873,0.002945630832627868,0.0042052935905851924,0.00776478314093961,0.012404802468191072,0.017221987431350585,0.01776099795670904
2021-10-22,0.0018781859063238815,0.002418167523184832,0.002958280603809324,0.004217248943879021,0.007774243355793892,0.012411352564676577,0.017226119422110116,0.017764192765564353
2021-10-25,0.001912600057727359,0.0024540450371584354,0.0029956156181782387,0.004252530791123221,0.007802160190821152,0.012430683338270184,0.01723831547310762,0.017773623910338116
2021-10-26,0.0019238088949859393,0.0024657300405116073,0.003007774881044022,0.004264020205795039,0.007811250722098729,0.012436978521024659,0.01724228771918507,0.017776696046005062
2021-10-27,0.002005842858723246,0.0025512420696009175,0.0030967510630175218,0.004348077175865422,0.007877750011321094,0.012483037020156011,0.01727135844074458,0.0177991855984851
2021-10-28,0.001990155306691644,0.0025348903304429583,0.003079737791639049,0.004332006904288163,0.007865037474148438,0.012474231043969443,0.01726579929948867,0.017794884111186442
2021-10-29,0.002366171178797373,0.002926704655205712,0.003487287664842407,0.004716655726281979,0.008169186707870636,0.012685054087960517,0.01739903068968482,0.017898085315541292
2021-11-01,0.002338867371922136,0.0028982622165576477,0.00345771111065121,0.004688763080748285,0.008147140670648697,0.012669762945735599,0.01738935742552429,0.017890584583179516
2021-11-02,0.002274401063797701,0.00283110219719502,0.003387868075214386,0.004622882824991177,0.008095063908337082,0.012633648576248383,0.01736651743291283,0.01787287911464044
2021-11-03,0.002319730611146589,0.002878326609759654,0.00343697982798685,0.004669210058995015,0.008131685317025978,0.012659044021154059,0.017382577498620922,0.017885328099429047
2021-11-04,0.002262199905098551,0.002818390375194718,0.0033746476191832044,0.004610410317835956,0.0080852037836468,0.0126268117070042,0.017362194531268135,0.017869528786903552
2021-11-05,0.002283467607795481,0.002840548036152266,0.0033976917022458695,0.004632150234426538,0.008102390060251572,0.012638728623534351,0.01736972970976512,0.01787536884612442
2021-11-08,0.0023413293086602797,0.0029008268767248156,0.003460378086695818,0.004691278356656828,0.008149128776142421,0.012671141833620692,0.01739022965415622,0.01789126086653569
2021-11-09,0.0022896237222510126,0.0028469616048161367,0.0034043617024612765,0.00463844236046035,0.008107364074814688,0.012642177765224482,0.017371910810243398,0.017877059423200635
2021-11-10,0.0021769996611332005,0.0027296167369525006,0.0032823148018413448,0.004523282108765642,0.00801631665068728,0.012579054893820451,0.0173320068862957,0.017846139618386304
2021-11-12,0.002155611235100829,0.00270732921020618,0.003259131755235952,0.004501400589550926,0.007999014018503744,0.01256706198438874,0.017324428396636053,0.01784026972880701
2021-11-15,0.0021213412838918845,0.0026716169494407135,0.0032219829326965255,0.004466332960316856,0.007971282733598227,0.012547842659953097,0.017312285413814646,0.017830865991933058
2021-11-16,0.002054692305935715,0.0026021569047874997,0.003149723036067996,0.004398105812076996,0.007917322587998769,0.012510452175713636,0.01728866867142218,0.017812582285465617
2021-11-17,0.002042256736321647,0.0025891959564292807,0.0031362388067484653,0.004385371861704502,0.007907250488992995,0.012503473946515666,0.017284262071521565,0.017809171571027717
2021-11-18,0.002039007705557005,0.0025858096147501953,0.0031327157025157304,0.004382044670145795,0.00790461875038307,0.012501650657302332,0.01728311075687708,0.017808280493600788
2021-11-19,0.001951268502622175,0.0024943552182720686,0.0030375609638695796,0.004292162950612776,0.00783351650038302,0.012452398632326089,0.01725201887273234,0.017784222989262737
2021-11-22,0.0020464019923924263,0.0025935163723331918,0.0031407336830280436,0.0043896167165876025,0.007910608050441185,0.012505800122893599,0.01728573096566767,0.017810308469009564
2021-11-23,0.001676317425285543,0.0022076725450624287,0.0027391937718717267,0.004010101066660932,0.0076102913219984435,0.012297874036526001,0.0171545735216169,0.017708905613064672
2021-11-24,0.0016608343754724291,0.0021915248499292227,0.0027223841065979896,0.003994199728841848,0.007597702607716399,0.012289164250264079,0.017149085648523434,0.017704667598594473
2021-11-25,0.0016445649614222244,0.0021745565733189767,0.002704719781250037,0.00397748873265665,0.00758447241126366,0.012280011164848625,0.017143318992718853,0.017700214714750234
2021-11-26,0.0015227925964055977,0.002047538418489261,0.0025724769875469997,0.003852344578736671,0.007485378943182048,0.012211472104693918,0.017100155089168942,0.017666898189223915
2021-11-29,0.001468229095421055,0.001990615825074541,0.002513204830563735,0.003796232126870612,0.007440937967623196,0.01218074377974377,0.017080813170943464,0.017651976747107046
2021-11-30,0.0014495895626112643,0.0019711691841184714,0.002492954343943723,0.00377705805133355,0.007425750827024381,0.012170244144623291,0.017074205584565377,0.01764688039286297
2021-12-01,0.0014300503086918867,0.0019507831996014116,0.0024717250527855486,0.0037569554997345044,0.00740982756022768,0.012159236342751923,0.017067278965825175,0.01764153857877829
2021-12-02,0.0011969262600056577,0.0017075044024707068,0.002218332673823828,0.003516877802111074,0.007219605475560287,0.012027794737716854,0.016984630154241617,0.01757784755327279
2021-12-03,0.0012227767759481307,0.0017344857101847118,0.002246440179805616,0.0035435205586600367,0.007240720572792165,0.012042379663860302,0.01699379549137879,0.017584906222729315
2021-12-06,0.0013030094725438842,0.0018182205100875366,0.0023336628715591827,0.0036261785363365462,0.007306221147849654,0.012087631735800252,0.017022241113001733,0.017606820469452288
2021-12-07,0.0010807921808024799,0.0015862755897064229,0.0020920298519642596,0.0033971195045063903,0.007124678174677304,0.011962241754905201,0.01694345272574878,0.017546148175376503
2021-12-08,0.0010840531832178651,0.001589679976636948,0.002095577039510358,0.0034004837251257703,0.007127345197943436,0.011964083124472327,0.01694460901582702,0.017547038017509203
2021-12-09,0.0009502062317148932,0.001449932368746408,0.0019499528344116782,0.003262331351123473,0.007017806824068149,0.011888473027686655,0.01689714736775447,0.017510527252658864
2021-12-10,0.0009526813344496968,0.0014525168744407542,0.0019526462964297008,0.003264887350278929,0.007019833734374656,0.01188987179970325,0.01689802506819188,0.01751120217748228
2021-12-13,0.0009592064931099765,0.0014593304021697315,0.0019597470160658543,0.003271625546508606,0.007025177076349327,0.011893559301952844,0.016900338959084035,0.01751298153631993
2021-12-14,0.0012979535178646723,0.0018129442038880938,0.002328167107358764,0.0036209712513044653,0.007302095105661908,0.012084780813749507,0.017020448624230584,0.01760543924434254
2021-12-15,0.0013907427774784383,0.0019097702250207881,0.0024290135352701228,0.003716505617316287,0.007377784931290593,0.012137087515663739,0.01705334426915763,0.017630794007994832
2021-12-16,0.0013524403142618994,0.0018698032823786838,0.002387388853107394,0.0036770782532733713,0.007346549464341165,0.012115499625731125,0.01703976552554286,0.017620326314028496
2021-12-17,0.0015047182984372276,0.002028683252310379,0.0025528441060825137,0.003833759798913914,0.007470660455736831,0.012201294467374293,0.01709374810706288,0.01766195494719992
2021-12-20,0.0015424371507904966,0.002068031021410785,0.0025938142161331897,0.003872541029063515,0.0075013731089471816,0.012222532606860785,0.017107118609306842,0.017672271425075138
2021-12-21,0.002146092258393594,0.0026974098223775823,0.0032488135515439786,0.004491660986250152,0.00799131222244782,0.012561723969094595,0.017321055534611853,0.017837657532810386
2021-12-22,0.0024198751834189442,0.002982644328405184,0.003545454147176509,0.004771500515401709,0.008212531196759193,0.01271512233372364,0.017418056569777827,0.017912841721609327
2021-12-23,0.002381835997685832,0.002943022127971104,0.0035042552040639866,0.004732655682832947,0.00818183224249222,0.012693825731098143,0.01740458038301662,0.01790238914855827
2021-12-24,0.002390563128514892,0.002952112671670017,0.003513707720290216,0.004741568672710643,0.008188876400057384,0.012698712168513267,0.017407672184152477,0.017904787040803734
2021-12-29,0.002375346401994142,0.002936262205440267,0.003497226026284095,0.004726027485077991,0.008176593717066857,0.012690191938321691,0.017402281272140864,0.01790060612015736
2021-12-30,0.0023764653094085044,0.0029374277268181597,0.0034984379768341544,0.004727170313690743,0.00817749694531105,0.012690818471844924,0.01740267767539096,0.017900913537649665
2021-12-31,0.002404995814644931,0.002967146059230579,0.003529339429092929,0.0047563073897786325,0.008200524450068055,0.012706792609172969,0.017412785279246574,0.01790875285229009
2022-01-04,0.0025876283891368406,0.0031573475675701016,0.003727079947197994,0.004942668372547714,0.008347771079023424,0.012808977151597952,0.01747748260126837,0.017958962900151847
2022-01-05,0.0029244832038690764,0.003508004972000895,0.004091485698464773,0.005285697749674489,0.008618633184408437,0.012997128264188598,0.01759679213821967,0.01805170043015822
2022-01-06,0.00305832088408094,0.0036472696658315694,0.004236156197352208,0.005421735227517915,0.008725989106405797,0.01307176737796382,0.017644188178606336,0.01808859273637805
2022-01-07,0.003059660025772252,0.0036486629446682854,0.004237603402114846,0.005423095650124575,0.008727062525438076,0.0130725138609741,0.017644662388283015,0.018088962003387093
2022-01-10,0.0032888853397892797,0.003887107141531696,0.004485230615363213,0.005655750362106688,0.008910582839945051,0.013200193971429802,0.017725828112901968,0.01815220957584466
2022-01-11,0.0034205277780885025,0.004024000755423149,0.004627355066840981,0.0057891702590745445,0.009015778865861142,0.01327343165207837,0.017772435316920403,0.018188567228575897
2022-01-12,0.0036364045315300914,0.004248420449596754,0.0048602847612892386,0.00600765789581633,0.009187972927336564,0.01339339266317999,0.017848856171081003,0.01824824457038439
2022-01-13,0.0037163375306454574,0.004331495088519001,0.004946488972946054,0.006088461681880455,0.009251632354904874,0.0134377667879379,0.01787714979158235,0.018270358890138744
2022-01-14,0.004187523685775918,0.004820962896501125,0.005454168731462369,0.006563724008746038,0.009625797827554641,0.01369885695365036,0.01804390271762153,0.018400910393435985
2022-01-17,0.005170348515017724,0.005840605294033403,0.006510491226643788,0.007549199778898754,0.010400207202683519,0.014240768428743195,0.01839155152184325,0.01867428902572183
2022-01-18,0.005830004555683449,0.006523967149421438,0.007217472682210185,0.008206161642711799,0.010915356979582904,0.014602438559098149,0.018624755325868332,0.018858592398850675
2022-01-19,0.00571329754946492,0.006403125249863676,0.007092510786304385,0.008090194498141648,0.010824488064727494,0.014538572254309871,0.018583504466890083,0.01882593724583723
2022-01-20,0.00537855600016718,0.006056382698797324,0.0067338108114588765,0.007756946812799792,0.010563206912654704,0.01435510136751848,0.018465169268420102,0.018732389637972337
2022-01-21,0.0054013355803003045,0.006079985591297046,0.006758234010879575,0.007779654225747135,0.01058101788731855,0.014367600318795273,0.018473222999340306,0.018738750289233205
2022-01-24,0.005149319112353561,0.005818806830324564,0.006487926530633654,0.007528196939137522,0.010383723279907041,0.014229211408186776,0.018384115381152477,0.018668424377523137
2022-01-25,0.005170127161975353,0.005840375850223737,0.006510253721816086,0.007548978724493783,0.010400033714501104,0.014240646789624944,0.01839147325045629,0.01867422729164485
2022-01-26,0.004421625697319775,0.005063996364737116,0.005706099937966195,0.006799177134919507,0.009811000182840292,0.013828266610822787,0.018126731538592723,0.0184658959851658
2022-01-27,0.0044956540204250505,0.005140828018794609,0.005785724386854694,0.0068735393010499485,0.00986946883935165,0.013869146007486587,0.01815292111030792,0.018486462931940395
2022-01-28,0.004525392475527872,0.005171689776067235,0.005817705230878312,0.006903399213102453,0.009892943636332143,0.013885562162314938,0.018163441538731787,0.018494727337802427
2022-01-31,0.004412301264815817,0.005054318115248604,0.005696069202908771,0.006789807466780519,0.00980363231836818,0.013823116077433384,0.018123432667780694,0.018463306002324785
2022-02-01,0.004464802251541547,0.005108809171606751,0.005752542844967524,0.006842553861841726,0.00984510730052852,0.013852111766998887,0.018142006603355458,0.018477890531407224
2022-02-02,0.0043993130938050524,0.005040836839257476,0.0056820966780969815,0.006776755098888644,0.009793368259862947,0.01381594126148454,0.018118837575698158,0.0184596985848952
2022-02-03,0.0043081552572662545,0.004946209392471574,0.005584012701184387,0.006685107815140078,0.009721289518292379,0.013765566783135891,0.018086585644271572,0.01843438691887958
2022-02-04,0.004358346064675911,0.0049983124331210715,0.00563802076186703,0.006735576527277885,0.009760984218882508,0.013793306447383368,0.018104343560184186,0.01844832179271349
2022-02-07,0.004214298599130856,0.004848764430106495,0.005482992998118281,0.00659067616020439,0.009647003405332755,0.01371366832064036,0.018053376757782957,0.01840833883808053
2022-02-08,0.004349019316884592,0.0049886306937259916,0.00562798536915694,0.006726199697811025,0.009753609530445993,0.01378815241729869,0.018101043727135693,0.018445732048775292
2022-02-09,0.004586633871949156,0.005235239287434142,0.005883554207174352,0.006964867868237402,0.009941262455078634,0.01391935801267779,0.018185105932542835,0.0185117506761413
2022-02-10,0.005387402682768289,0.006065549238000462,0.006743296039377211,0.007765765979418863,0.010570124514331347,0.014359955697252558,0.018468297032201434,0.018734859768654133
2022-02-11,0.00534803256955765,0.0060247545576749455,0.006701081996085478,0.007726513339974945,0.010539334185038138,0.014338350342098707,0.01845437749605719,0.01872386793224999
2022-02-14,0.005948864261922071,0.006647011795466079,0.007344687254156826,0.008324151179108168,0.011007781487714498,0.014667429385096896,0.018666763617520656,0.018891871169416312
2022-02-15,0.006555640219740385,0.007274738022960581,0.007993289596540842,0.00892464425615959,0.011477704910091771,0.014998361647302682,0.018881160455372574,0.01906209428957057
2022-02-16,0.006429578879982766,0.007144381220527808,0.007858652393894478,0.008800142166345367,0.011380337835755129,0.01492972497551655,0.01883662574512849,0.019026683090292255
2022-02-17,0.005894242114473159,0.006590469741509666,0.007286232173556288,0.00826994354955717,0.01096532278657235,0.014637569469412422,0.018647459080272794,0.0188765751940204
2022-02-18,0.005911899054034974,0.006608747914385029,0.0073051293521038735,0.00828746921602299,0.010979050630779735,0.014647223116545201,0.018653699469291525,0.018881519213962014
2022-02-22,0.006426935867885077,0.00714164782838843,0.007855828939446832,0.008797530417411072,0.011378294954545783,0.014928285278449787,0.01883569198456742,0.01902594091680827
2022-02-23,0.006571819922028347,0.007291466865467678,0.008010565659115466,0.008940614163953368,0.011490191777579099,0.015007166581843277,0.01888687610362328,0.019066641004699222
2022-02-24,0.006778102010776475,0.007504706789202195,0.008230739198221128,0.009144028442129068,0.011649192877846642,0.015119335982130179,0.018959741684227427,0.01912464427855671
2022-02-25,0.006929707117766282,0.007661374109824411,0.008392451241826582,0.009293297286987036,0.011765813119476835,0.015201668983658663,0.019013286799986696,0.01916731494790376
2022-02-28,0.006991795779469064,0.007725523374659446,0.008458654022408356,0.009354373158222247,0.01181351616639236,0.015235362122558146,0.01903521411737938,0.0191848005946864
2022-03-01,0.006648521702237235,0.007370765176296316,0.008092451438394085,0.009016291434330116,0.011549356296664134,0.015048893668296766,0.018913970919200527,0.019088200706632447
2022-03-02,0.007153263863989865,0.007892315980438614,0.008630752924408843,0.009513054809348293,0.011937415344480827,0.01532291468418454,0.019092233892673022,0.0192303016874622
2022-03-03,0.006891567137778009,0.007621964709438454,0.008351776796540603,0.009255763306665235,0.011736493298377662,0.015180964473580364,0.018999816754298158,0.01915657676497189
2022-03-04,0.006744338395498166,0.007469809849102768,0.008194712864308479,0.00911075874359903,0.01162319340108682,0.015100987689862733,0.018947815996896884,0.019115146008243055
2022-03-07,0.00648562620212983,0.007202342024920051,0.007918519961407801,0.008855512719617934,0.011423644608476504,0.014960248644344006,0.01885642652425572,0.019042424029765775
2022-03-08,0.006461513074512518,0.007177406390260283,0.007892764706086634,0.008831693989458947,0.011405016161330878,0.014947117989999394,0.01884790777023256,0.019035651247067666
2022-03-09,0.006557951669756568,0.007277127954036081,0.00799575773417837,0.008926925869437498,0.011479488936861158,0.014999619591713406,0.01888197700313936,0.019062743813701974
2022-03-10,0.00648144235541504,0.007198015544455797,0.00791405134753366,0.00885138030363593,0.01142041276531578,0.014957970517116101,0.018854948453401247,0.019041248826567547
2022-03-11,0.00673366946533234,0.007458782351901733,0.008183328044929768,0.009100243888667465,0.011614975790116321,0.015095188915745766,0.01894404755207369,0.01911214502385837
2022-03-14,0.006888709152637608,0.007619011490266622,0.008348728671880492,0.009252950237061908,0.011734295733083969,0.01517941277287951,0.01899880737388635,0.01915577219909095
2022-03-15,0.007202671979644649,0.007943343453512604,0.008683394237822087,0.009561566211514572,0.011975282094700189,0.015349684939633736,0.01910968024409342,0.01924423274892813
2022-03-16,0.007225615974407872,0.007967037860385398,0.00870783650431287,0.009584086762650502,0.011992859281604061,0.015362113206778858,0.019117781721107854,0.019250703296643603
2022-03-17,0.007011902602790243,0.007746295935512553,0.008480090035057888,0.009374145017818972,0.01182895713327619,0.01524627012318289,0.019042314864182345,0.019190464428860434
2022-03-18,0.006661284711158557,0.007383959162629863,0.008106074900714069,0.009028879164033131,0.011559196181929642,0.015055834761247961,0.018918479295237236,0.019091789070211588
2022-03-21,0.00731737083105743,0.008061783649403551,0.008805563078436777,0.00967410363428638,0.012063105774083985,0.015411794374952843,0.019150178850667048,0.0192765876670197
2022-03-22,0.00643728750617631,0.007152353374464139,0.007866887149323399,0.00880775927532418,0.011386295770384244,0.014933923851691273,0.018839349147313035,0.019028847779369723
2022-03-23,0.006457108599805873,0.0071728515588781565,0.007888060045965494,0.008827342761698331,0.011401612966966066,0.014944719318670974,0.01884635172932307,0.01903441423497815
2022-03-24,0.0064992782688794645,0.007216459281710227,0.007933100776993272,0.008868995943190437,0.011434189191507686,0.014967681799675676,0.018861249500980865,0.01904625895347571
2022-03-25,0.007115048206883488,0.007852844613865678,0.008590030134843198,0.009475518557155546,0.01190811193481442,0.015302202212887528,0.019078739257088834,0.019219529026080054
2022-03-28,0.007693475372390859,0.008449980114950732,0.009205810885518468,0.010042336959890215,0.012350275338104745,0.015615095485589306,0.01928295305570944,0.019382824399738374
2022-03-29,0.007990556859975823,0.008756421426933642,0.009521581118726233,0.010332349214905983,0.012576227944441246,0.01577529039803475,0.019387804953124685,0.019466895207222418
2022-03-30,0.00813376892151892,0.008904084946624575,0.009673681563917642,0.010471883999447736,0.012684873027705348,0.015852390869592076,0.019438342221160004,0.019507471809260886
2022-03-31,0.008126550128823209,0.008896642716962187,0.009666016624138875,0.010464854767300014,0.012679400970466872,0.015848506446491835,0.01943579494796408,0.019505425725497447
2022-04-01,0.008485375023586816,0.009266452358863158,0.010046775615919443,0.010813715989003252,0.012950841745174671,0.01604134141627658,0.01956239636646937,0.019607229240787154
2022-04-04,0.008742450475066998,0.009531244652335399,0.010319260312791317,0.011062972259822374,0.01314460865118851,0.016179183224504613,0.0196530781605792,0.019680289255160993
2022-04-05,0.009340379545380986,0.010146625666441762,0.0109520394187079,0.011640505604454857,0.013593006901980256,0.01649877464355419,0.019863928591043585,0.01985062178437822
2022-04-06,0.009282361339540414,0.010086944590515947,0.010890700514289092,0.011584602237224694,0.013549638246341056,0.016467826369028982,0.019843473388801724,0.01983406931788251
2022-04-07,0.009825430425685632,0.010645320843084257,0.011464338294552862,0.012106728704203915,0.01395439789079049,0.01675698601372013,0.020034906713537682,0.01998921498725512
2022-04-08,0.010712353380878392,0.011555994554356491,0.01239869574188086,0.01295389488872394,0.014609700913564186,0.017226684553809414,0.020347385055401773,0.020243607099062495
2022-04-11,0.01115795041548217,0.012012935168423042,0.012866949809825107,0.013376897524598046,0.014936223448705571,0.017461462811250855,0.020504299056596384,0.020371893700511477
2022-04-12,0.011384704139514768,0.012245309163047254,0.013104929661160138,0.013591476357572997,0.015101683489474167,0.017580625263631255,0.02058412881255,0.020437299227425636
2022-04-13,0.011486026452635965,0.012349109536697472,0.013211201855092274,0.013687210344480408,0.015175464412631241,0.017633803702519456,0.0206197954433368,0.02046655196083961
2022-04-14,0.011767433204872805,0.012637290567582128,0.013506140484366715,0.013952615290639825,0.015379882294083496,0.017781277740491177,0.020718839646412142,0.02054788458457328
2022-04-18,0.011965083271023216,0.012839603342005608,0.01371310482518813,0.014138602272372514,0.015523020132687367,0.017884663755830026,0.020788392211657777,0.020605087065674238
2022-04-19,0.012427818553603592,0.01331294609721606,0.014197030826799713,0.01457265838391424,0.015856713118264032,0.01812607934368452,0.020951186939075918,0.02073925923922606
2022-04-20,0.012795581365996102,0.013688829330113374,0.014581017092205599,0.01491624923366877,0.01612049397184844,0.018317313897009656,0.021080528618697705,0.02084614527690748
2022-04-21,0.013523629234871881,0.014432137970529085,0.015339556987897905,0.01559281908572548,0.016638946864799338,0.018694231503176464,0.021336474739927266,0.02105840543589639
2022-04-22,0.015117558134790293,0.01605565366243288,0.0169926178718302,0.01705703439353423,0.017756431848372032,0.019511620736846442,0.02189631883047605,0.021526214024095127
2022-04-25,0.01533620697710172,0.0162779471883714,0.017218552866719368,0.01725604821176247,0.017907821755099772,0.019622902257408953,0.02197306151312483,0.02159072207805568
2022-04-26,0.015226430318083814,0.016166353222405106,0.017105143132098648,0.017156185612539787,0.017831871461107138,0.019567056988996603,0.021934533098414262,0.02155832442286236
2022-04-27,0.01537770479553452,0.016320125374482193,0.017261410878803722,0.01729376890010302,0.0179365021323456,0.019643999416840488,0.02198762516986378,0.021602974418951988
2022-04-28,0.015691193337320396,0.016638636206205197,0.01758494061523892,0.0175782012687546,0.018152623680000965,0.01980313482884581,0.022097628488348172,0.021695628052526714
2022-04-29,0.015804034756596787,0.0167532345483333,0.01770129496793968,0.01768035749506581,0.018230183685834272,0.01986031242692464,0.022137217911411343,0.02172902037347098
2022-05-02,0.016052516079814498,0.017005489472647677,0.017957322057676642,0.017904886009721607,0.01840053634740767,0.019986025481856143,0.02222438286745316,0.021802628875049274
2022-05-03,0.016272929831470048,0.01722914069405619,0.01818421013682156,0.01810356374826393,0.018551141599899793,0.020097314201247794,0.022301687508392877,0.02186801199667589
2022-05-04,0.01612488232584184,0.017078930050908863,0.018031836698567578,0.0179701666312359,0.01845003548566236,0.020022587072639944,0.02224976503031817,0.021824086205403333
2022-05-05,0.016104359694775777,0.017058103877610458,0.01801070705268062,0.01795165847621814,0.01843600303047292,0.02001222073586222,0.02224256695102394,0.021818000117240027
2022-05-06,0.016466728660224396,0.017425700479725748,0.018383530856550763,0.018277870415255158,0.018683167948759107,0.02019499016239358,0.022369646355938744,0.021925569580338672
2022-05-09,0.0176028791585146,0.018576415202858132,0.01954881943498009,0.019292531864894526,0.019449721639524242,0.020764307956068668,0.022767843210646038,0.022264318715750336
2022-05-10,0.017715943350483182,0.018690776189532684,0.01966447909321278,0.019392827317197367,0.019525304191616973,0.020820652356399096,0.022807449740579362,0.022298153208996828
2022-05-11,0.01571789879565964,0.01666575990020159,0.01761248231432441,0.01760238876772048,0.018170990506425615,0.01981667165708438,0.02210699818516102,0.021703528822975965
2022-05-12,0.01491008251009502,0.01584462671877565,0.016778043218785565,0.016867777201057373,0.017612351280123225,0.019405836285485117,0.021823485559037275,0.021465077791544034
2022-05-13,0.015043177204896906,0.01598000995644235,0.016915712621256605,0.01698923106408897,0.01770482606504887,0.019473717740838496,0.021870209148176018,0.021504287983759203
2022-05-16,0.015176089886528969,0.016115170944195824,0.017053119763714018,0.017110353751224987,0.01779700385174407,0.019541430639456524,0.02191686395401653,0.02154347466980466
2022-05-17,0.015346820933478264,0.016288735508775534,0.017229515410519126,0.017265697622850233,0.017915158963643707,0.01962829901295043,0.021976786525927376,0.021593855596478837
2022-05-18,0.015437338326838728,0.01638073025591993,0.017322986370202787,0.017347946306740053,0.017977687423721488,0.019674303654186855,0.022008552716684004,0.0216205865366803
2022-05-19,0.015454631315868958,0.016398303521488578,0.017340839706115496,0.017363650845072336,0.017989624202606923,0.019683088646276492,0.022014621262542687,0.021625694972411215
2022-05-20,0.01566215296544532,0.01660913931817054,0.017554987472086094,0.01755189138454882,0.01813264313003876,0.019788410951298713,0.022087439353912892,0.021687037891838058
2022-05-24,0.0159965331031287,0.016948667745216587,0.017899661834065807,0.017854350524250294,0.018362208392518897,0.019957725615916466,0.022204746062662123,0.02178603555228844
2022-05-25,0.01619056366574539,0.017145576830736503,0.018099448731713444,0.01802937395849717,0.01849491774239785,0.020055751556384813,0.02227280121910516,0.021843569224503385
2022-05-26,0.016282021088389886,0.017238363261841798,0.018193564003611502,0.018111748585483534,0.018557343297174598,0.020101899915509,0.02230487574789847,0.021870710614109123
2022-05-27,0.01623085168268266,0.017186452487918467,0.018140911942053153,0.01806567067717613,0.018522426994642897,0.02007608490822954,0.022286930696894646,0.021855523526808935
2022-05-30,0.01638612218756764,0.01734395538836308,0.018300647097338744,0.018205414631014133,0.018628299188954128,0.020154383819318014,0.02234138161157586,0.021901621829361707
2022-05-31,0.016514360925915992,0.01747399905309472,0.018432495805942643,0.018320657200820368,0.01871556118744111,0.02021897208426421,0.022386347800171062,0.02193972616999085
2022-06-01,0.01697359645615796,0.01793940919802105,0.018904082726147898,0.018732066450231892,0.01902672679323435,0.020449679230122572,0.02254733808361744,0.022076416112025217
2022-06-02,0.017241034388065596,0.018210233988799833,0.01917829689198438,0.018970722919580327,0.019206975209374588,0.020583606176953245,0.02264106400122754,0.02215618771733265
2022-06-03,0.017675179445475316,0.01864954794151347,0.019622785806239364,0.019356681262254365,0.019498068539425945,0.020800344606394957,0.02279317051438082,0.022285952000848402
2022-06-06,0.0184841536467007,0.019467059738176487,0.020448853087981163,0.02007099871118496,0.020035456328295675,0.021201976621504796,0.02307645762553994,0.02252863913339658
2022-06-07,0.018934221558677584,0.01992125645683626,0.020907192304843718,0.020465642055070225,0.02033157466861353,0.021424154803656077,0.023233980915504923,0.022664160676186568
2022-06-08,0.01929588461134112,0.020285913257482694,0.02127485580649738,0.020781325684023886,0.02056803850966396,0.021602030191831347,0.02336051992403971,0.022773325317710175
2022-06-09,0.019324675763096863,0.02031493027937419,0.021304099804666868,0.020806401110564508,0.020586805603552725,0.02161616501876544,0.02337059175903867,0.02278202576854567
2022-06-10,0.019822096335185193,0.020815962025990967,0.021808763589252426,0.02123833035927165,0.020909703917603786,0.0218597762202796,0.023544563056512,0.022932578495880526
2022-06-13,0.021089494091149897,0.02209005281593048,0.023089615670686396,0.02232770245087384,0.021720903200510785,0.02247536472680383,0.023987501197403466,0.023318213283885968
2022-06-14,0.021717392869012225,0.0227199186652715,0.023721490527996665,0.022861402491026365,0.02211659166512149,0.022777589233716526,0.024206765587048155,0.023510360545244635
2022-06-15,0.02186604508382978,0.022868904527554197,0.023870820760971287,0.022987166122468775,0.022209662272752395,0.022848870053163,0.02425865805688511,0.0235559577144255
2022-06-16,0.02191543604063729,0.022918395110410314,0.023920414600372333,0.023028902188488434,0.02224053415452153,0.02287253078905864,0.02427589829026285,0.023571116874941914
2022-06-17,0.021958012655808632,0.022961053105600895,0.023963157132284446,0.02306486001465414,0.022267126038267332,0.022892917929751178,0.024290759340835556,0.02358418821843108
2022-06-20,0.02221154878944411,0.023214987411207963,0.024217508927793653,0.023278597925734407,0.022425078735830776,0.02301414332493211,0.024379242858732567,0.023662095879313068
2022-06-21,0.022396082084809588,0.023399717240871552,0.02440244991358859,0.02343374961015024,0.02253961410285219,0.02310218546376619,0.02444363226461802,0.023718875751810718
2022-06-22,0.0225767594988608,0.02358051073409231,0.02458337426191539,0.023585319691646657,0.02265140533893053,0.023188232127302925,0.02450666617927185,0.023774531154395886
2022-06-23,0.02267788186575566,0.023681665026677297,0.02468456894897344,0.023670004135041646,0.022713821319740892,0.02323632369002887,0.024541940939519016,0.023805707442810672
2022-06-24,0.02272061870381347,0.02372440821789193,0.02472732211544474,0.023705762134072075,0.022740167061187155,0.023256633815950015,0.024556847994091795,0.023818889115279317
2022-06-27,0.02293294590032711,0.023936703986111953,0.02493960483008516,0.02388313648901054,0.022870769733029084,0.023357411001184502,0.02463090163792945,0.023884430052679942
2022-06-28,0.022983327829655488,0.023987063041296552,0.024989945463969987,0.02392515606872817,0.02290168885709474,0.02338129239270733,0.02464847138141992,0.023899994406025096
2022-06-29,0.02306313520356463,0.02406682206035583,0.025069663254667467,0.02399166315835534,0.022950610515563574,0.023419096917480266,0.024676301095086513,0.02392465891982217
2022-06-30,0.023134403671300766,0.02413803477449878,0.025140826654902332,0.024050998459499533,0.02299424007288038,0.023452830929832975,0.024701151542100737,0.023946694683470406
2022-07-04,0.023377156229975674,0.024380508253396712,0.02538304352552935,0.024252707901343002,0.023142439968734444,0.02356755275092174,0.02478578466057796,0.02402182462553651
2022-07-05,0.023454873919291342,0.024458107406784207,0.02546053151300058,0.02431715570761528,0.02318975230404589,0.023604221593205403,0.02481287626925054,0.024045901306727714
2022-07-06,0.023640403034974028,0.0246432961812174,0.025645397885391785,0.02447075148295052,0.023302433533850527,0.023691641059419007,0.024877542307088003,0.024103424169356014
2022-07-07,0.023766590630212525,0.024769206005450385,0.02577104241862962,0.024575013696201742,0.023378860924565086,0.023751004932404694,0.02492151880563808,0.024142585900895658
2022-07-08,0.023805536428790453,0.02480805849404002,0.02580980549462327,0.024607158849976933,0.02340241418825172,0.023769311180107673,0.024935090455716763,0.02415467869994034
2022-07-11,0.0243909197559367,0.025391607030153113,0.0263915804226787,0.02508840049360115,0.023754450033197958,0.02404358507350407,0.025139025178615482,0.024336792984252332
2022-07-12,0.024455841527439636,0.025456275218682024,0.026456002115300664,0.02514154959390729,0.02379326223994434,0.024073901108995932,0.025161635903956342,0.02435703097442566
2022-07-13,0.02768925705644524,0.02866417332300212,0.029638813351504853,0.027731294422723395,0.025667067272228714,0.025557484498396604,0.026286061257889,0.025375439475164047
2022-07-14,0.027995319942727644,0.028966489209505973,0.029937431009650777,0.027970505769076597,0.025838314795025692,0.025695197413409428,0.026392319749270726,0.025472918894915986
2022-07-15,0.027989507743057366,0.028960750347628607,0.02993176454625381,0.027965972799366225,0.02583507279340852,0.02569258666749495,0.026390302165070045,0.02547106596943803
2022-07-18,0.02825149619750968,0.02921934893210599,0.03018701610728377,0.028169924929206516,0.025980821385658045,0.02581009596104305,0.026481234928430724,0.025554655992468783
2022-07-19,0.02835755938766626,0.02932399075478976,0.03029025420352826,0.028252274681902473,0.026039600863740284,0.02585756829938999,0.02651804161864987,0.025588536288719307
2022-07-20,0.028378765505755528,0.02934490929160967,0.03031088870664047,0.02826872446585521,0.02605133754279933,0.02586705292022526,0.026525400246997233,0.025595313020729326
2022-07-21,0.028846846006823003,0.02980635309941667,0.030765775865631555,0.028630533441857193,0.026309072173446562,0.026075816345027654,0.026687788456104884,0.025745129642003862
2022-07-22,0.02864415808584506,0.029606606953723646,0.03056893642530649,0.028474165483702865,0.026197780408090964,0.025985556425072547,0.02661748016649584,0.02568020098963171
2022-07-25,0.028830179202609205,0.02978993211961551,0.030749597802850394,0.028617692940783052,0.02629993881481081,0.026068402382208013,0.02668200759993293,0.02573978744466095
2022-07-26,0.028718267122420472,0.029679652443549243,0.03064093111844713,0.028531392139297288,0.026238527571114847,0.026018582879449484,0.02664318866179229,0.025703931147255183
2022-07-27,0.02881161458768095,0.029771640491767264,0.030731575928620886,0.028603386634201,0.02628976165267754,0.02606014251712162,0.026675568381802774,0.025733837616214866
2022-07-28,0.028857124860384446,0.029816479995598295,0.03077575259961169,0.028638450952593514,0.026314703341013164,0.026080388013195253,0.026691353614896187,0.02574842459956603
2022-07-29,0.028907613525384603,0.029866218371624665,0.03082474952781322,0.028677323639921187,0.02634234517568049,0.026102835635578622,0.026708864793663294,0.025764612247248766
2022-08-02,0.029173821018545272,0.03012836281298776,0.031082878177931764,0.028881808202140802,0.026487597998905564,0.026220974906157088,0.026801180467894672,0.02585005043723662
2022-08-03,0.030319043799510108,0.031254038945708766,0.032189223423251506,0.029752301778542545,0.02710297325575005,0.02672499015134243,0.027198049596051273,0.02621928283189558
2022-08-04,0.03049008504785741,0.03142187066915417,0.03235387959312033,0.029881020664843744,0.027193547083437266,0.026799673596566726,0.02725728455601543,0.026274663926085986
2022-08-05,0.030619928494217262,0.03154922693524817,0.032478774773103264,0.029978510084280974,0.027262071790645638,0.026856264935513387,0.02730224522520258,0.026316746829632427
2022-08-08,0.0306496066141558,0.031578330408212694,0.03250730960045509,0.03000076570665889,0.027277706088040473,0.026869187369511008,0.027312521006608085,0.026326370651261793
2022-08-09,0.030656926547923045,0.03158550825624471,0.0325143468450741,0.03000625335711998,0.027281560575841905,0.026872373892635828,0.027315055421254775,0.026328744596310013
2022-08-10,0.030570059455399267,0.0315003183328526,0.032430816553927225,0.029941090334961826,0.027235777294878208,0.026834540449855265,0.027284977840661764,0.02630057982023123
2022-08-11,0.03060528568528136,0.03153486680551586,0.032464694366661884,0.0299675256854212,0.027254354145700526,0.02684988744697093,0.027297175173458917,0.026311999243044358
2022-08-12,0.03048513509926249,0.031417014671058716,0.03234911655597031,0.029877300274047947,0.027190930770676944,0.02679751442775731,0.02725557043158149,0.026273060326792375
2022-08-15,0.030771834566425058,0.031698167527460824,0.032624780748553975,0.030092316893492507,0.027341984104364805,0.026922358473625542,0.027354838149118266,0.026366025532757884
2022-08-16,0.031037593132853303,0.031958593200232414,0.03287992839443983,0.03029077685410896,0.027481124613781837,0.027037693122046267,0.027446830016532683,0.026452355789033682
2022-08-17,0.03179116734352878,0.032696037709200904,0.033601404847813716,0.03084903762789773,0.027871033446077692,0.02736267438282173,0.02770754568546591,0.02669796841248346
2022-08-18,0.03194572981161177,0.032847106615152506,0.033749014461529364,0.03096271595692875,0.027950154586189907,0.027428951856488405,0.027760995592891313,0.026748495354370773
2022-08-19,0.03218598824336467,0.03308180858197721,0.03397821399208572,0.031138862142357608,0.02807256511335935,0.02753171938397426,0.02784406380467744,0.02682713876645254
2022-08-22,0.03279026204025187,0.033671426455991464,0.03455331592957619,0.03157885825368971,0.02837731066498234,0.027788800453411068,0.028052898937601278,0.027025487330304222
2022-08-23,0.032900332691289044,0.03377872206969911,0.03465786263954778,0.0316585361915713,0.028432336736881274,0.027835413587062513,0.02809092512891542,0.027061702784252323
2022-08-24,0.03330935583167052,0.03417714690241218,0.035045788000465886,0.03195334635616002,0.028635498370267572,0.02800804407790341,0.02823219296679159,0.027196511928642263
2022-08-25,0.03345386463234122,0.034317803090259696,0.03518262714585124,0.032057022063254614,0.02870677854391845,0.028068813999398846,0.028282088963717818,0.027244228123427378
2022-08-26,0.03364241529063479,0.03450124170604715,0.035361000643598234,0.03219191559601937,0.02879939084669638,0.02814793071609175,0.028347180503345462,0.027306555958335046
2022-08-29,0.03407090329636452,0.03491775201232394,0.03576564205760973,0.032496862532827867,0.02900819924238364,0.028326990751492816,0.02849505585619013,0.027448490654579074
2022-08-30,0.03464218495960733,0.03547228111204972,0.036303568376579796,0.03289994833005693,0.02928299322444556,0.028564124058117084,0.028692107528600963,0.027638360809765547
2022-08-31,0.034688520786709046,0.035517218704694514,0.036347120120976156,0.0329324664919582,0.02930510002522846,0.028583277072647986,0.02870808490767931,0.0276537929265087
2022-09-01,0.034787553209872785,0.035613242793071966,0.03644016246724398,0.033001878127105075,0.02935225678695985,0.02862417168240431,0.028742230343241967,0.027686791778897792
2022-09-02,0.03484973757224133,0.035673524275654366,0.03649855785170454,0.03304540123980433,0.029381803595995577,0.028649821851214716,0.028763669089686254,0.027707523664456613
2022-09-06,0.0351560093423643,0.03597026722793217,0.03678585558299393,0.033259065032309666,0.02952660796693367,0.028775834808967983,0.02886923903109494,0.027809759983031073
2022-09-07,0.03556757415867134,0.03636861538370506,0.03717110189473436,0.03354435159636812,0.029719301426866844,0.028944329060658525,0.029011048571777012,0.027947478403973106
2022-09-08,0.035632787485854404,0.03643169097378467,0.03723205820268288,0.033589362212127535,0.029749634070631005,0.028970938504925485,0.02903351286509872,0.027969335510404675
2022-09-09,0.03571273046854278,0.036508997078455625,0.0373067501507967,0.033644466837768394,0.029786743034365203,0.029003524942924307,0.029061048995642734,0.027996142678116048
2022-09-12,0.035667218152010204,0.03646498816348995,0.03726423168859769,0.03361310503231395,0.0297656266574889,0.02898497765952952,0.029045372698953735,0.027980879310614187
2022-09-13,0.03626736324170703,0.037044839609544314,0.03782396306379595,0.03402456824822971,0.030041920284847437,0.029228592768452258,0.029252025346007935,0.02818252942385893
2022-09-14,0.03676718368772284,0.037526979683720915,0.03828857201391382,0.034363781921352775,0.03026844581539752,0.02942989332948321,0.02942402981702693,0.028351102586477737
2022-09-15,0.036936341274433085,0.03768999213854612,0.038445490819708626,0.034477866042758556,0.030344368409732,0.029497691362169707,0.029482221183415466,0.02840828495943413
2022-09-16,0.03709730824512077,0.03784503538166988,0.03859465978371662,0.034586087460953,0.030416264894679516,0.029562051223743335,0.02953758489460893,0.028462760356748485
2022-09-19,0.03725479132748516,0.03799665090091482,0.038740456551780725,0.034691646071531745,0.030486274184121018,0.02962487108644998,0.02959174085373189,0.028516115187261038
2022-09-20,0.03728854797719611,0.038029140541508855,0.03877168970207912,0.03471423132557131,0.030501238041804137,0.029638317623095153,0.029603348011923897,0.028527559387065353
2022-09-21,0.03748819132601773,0.03822122334974379,0.038956274584647815,0.034847505904907525,0.030589428335448608,0.029717705893621358,0.029671986138130706,0.028595297137695642
2022-09-22,0.03760115569985101,0.038329858711944505,0.03906061667184679,0.034922689781928126,0.030639094633372985,0.029762522102469595,0.029710816990828302,0.028633666660022546
2022-09-23,0.0377994195606881,0.038520435321737,0.0392435692901829,0.03505424734289794,0.030725853134840657,0.029840996625216595,0.02977895727777214,0.028701081593964377
2022-09-26,0.03804357487901749,0.03875496708557471,0.03946855634653451,0.03521555778993087,0.0308319719731473,0.029937315059771197,0.02986284909351831,0.028784228220048058
2022-09-27,0.03820378988737281,0.03890877266316421,0.03961600480141923,0.03532098973751258,0.030901173244281502,0.030000326597238686,0.02991788656495225,0.02883886578294118
2022-09-28,0.03816829356237288,0.03887470284144909,0.039583349854984504,0.03529765960284022,0.030885871122156395,0.02998637931578817,0.029905693627706204,0.02882675534764695
2022-09-29,0.038124889451454924,0.03883303802253067,0.03954341013972887,0.03526910977390435,0.030867137031763175,0.029969314680152723,0.029890783718213618,0.028811951040089663
2022-10-03,0.03819151443948604,0.03889699094969196,0.03960471279862092,0.0353129234925632,0.03089588333245953,0.029995504155955328,0.029913670020901815,0.028834677376926784
2022-10-04,0.03811936803234123,0.03882773746347135,0.03953832863820678,0.03526547620654903,0.03086475206249609,0.029967143089660666,0.029888886982793676,0.028810068110433476
2022-10-05,0.03823005093372059,0.038933975976383775,0.03964015899846685,0.03533823939059286,0.030912483229588936,0.03001064029692039,0.02992690688482479,0.028847827302585803
2022-10-06,0.038445613693067385,0.03914078004620146,0.03983827557021385,0.03547949291201123,0.03100497000732303,0.03009514412510575,0.03000093977165321,0.028921449529434214
2022-10-07,0.038679436963209954,0.03936494841885122,0.04005286719614201,0.03563202590752871,0.03110458251945694,0.030186491559924564,0.03008122373601029,0.029001433548411264
2022-10-11,0.03935229221461631,0.04000911953357354,0.04066858448670485,0.03606695009717061,0.031387089110404054,0.03044751638880621,0.030312132079165853,0.029232328635272246
2022-10-12,0.03952130598079415,0.040170716803076156,0.04082282438390498,0.03617525792294194,0.03145708027060294,0.030512651596624134,0.030370105856432666,0.029290498453718065
2022-10-13,0.03968346284482674,0.040325677853847074,0.040970646829951066,0.03627881487737791,0.031523863284315626,0.030574980587694596,0.030425717070760566,0.02934637341078982
2022-10-14,0.03989970167927855,0.04053219838451786,0.04116752608324797,0.036416364487057123,0.03161235623118357,0.030657847187496198,0.030499859394941875,0.029420983056614742
2022-10-17,0.04048205209007477,0.04108767624728429,0.0416963430528262,0.03678368235559707,0.03184745724231832,0.030879585199498242,0.03069943904595627,0.02962248181503708
2022-10-18,0.04060880126823538,0.04120844056317983,0.04181116939224301,0.03686302433087743,0.03189800209222991,0.030927569121544308,0.03074285985350644,0.029666448626541272
2022-10-19,0.041103022236833764,0.04167885779221733,0.04225796851364673,0.037170314935576,0.0320929381147816,0.03111371412671711,0.030912104892689665,0.029838263663959804
2022-10-20,0.04157030301423195,0.042122943802613715,0.042679039415460675,0.03745779164557802,0.03227408355688131,0.03128830708172457,0.031072033635281007,0.03000127183364419
2022-10-21,0.04137193794128424,0.04193450722395904,0.04250045457016986,0.037336120324480866,0.032197562919990624,0.031214358275316215,0.031004153195463027,0.029932006706900764
2022-10-24,0.042030879166519416,0.04255999787411935,0.043092752460848226,0.037738206860616304,0.032449596164851706,0.03145904782396583,0.03122958076210188,0.030162476875538094
2022-10-25,0.04237804940471321,0.04288900154008192,0.043403728655106125,0.03794763573907701,0.032579888103802516,0.03158685746407551,0.03134827821024745,0.030284343062851715
2022-10-26,0.041025821349628955,0.04160542441388028,0.04218827335098016,0.03712253277106876,0.03206271377648569,0.031084737320899173,0.030885674072556046,0.029811384989204163
2022-10-27,0.0410533700937937,0.04163163083684425,0.0422131478932585,0.0371395929146656,0.032073508806920586,0.031095081822481743,0.030895106052280182,0.02982097480723278
2022-10-28,0.04109683988020368,0.04167297781573181,0.042252388567415256,0.03716649146467056,0.03209052079836723,0.03111139499575184,0.030909988363682164,0.02983611063558902
2022-10-31,0.041267152279184434,0.04183491732108706,0.04240602017241889,0.03727163017541469,0.03215691627297032,0.03117519521442399,0.03096828914441433,0.029895457357565342
2022-11-01,0.04128184463910307,0.04184888320145116,0.04241926520514001,0.03728068161906874,0.03216262483592228,0.031180690557121797,0.03097331803508627,0.0299005804159493
2022-11-02,0.0412796923296826,0.04184683735677649,0.04241732499993281,0.03727935584188435,0.03216178876925671,0.031179885619457497,0.03097258134958763,0.029899829896522526
2022-11-03,0.041448337077020454,0.042007096827153666,0.042569264118341124,0.03738304523695747,0.032227100424544394,0.031242868543197966,0.031030298837931927,0.029958672100013135
2022-11-04,0.041543767246315,0.04209774322759771,0.04265516372250398,0.03744154667890427,0.032263879538366035,0.03127842912963209,0.031062954033675188,0.029992000363610383
2022-11-07,0.041967312169875766,0.04249971647672971,0.04303573143841719,0.037699679260642445,0.03242555258572206,0.03143556276080996,0.03120784185559536,0.030140196169425034
2022-11-08,0.041914913078493744,0.0424500162975945,0.04298870943570525,0.03766787842684117,0.03240568972773372,0.031416184438034345,0.03118992095149658,0.03012183756634902
2022-11-09,0.04244872298693378,0.042955930781565184,0.04346694215051918,0.03799006388162674,0.032606199524906634,0.03161278151340309,0.031372435417157285,0.03030918887709688
2022-11-10,0.04188311187878941,0.04241984891704059,0.04296016331470198,0.037648559875376686,0.03239361576598232,0.03140441517269469,0.031179044141525527,0.030110699039808824
2022-11-14,0.0419850237106271,0.04251651382123246,0.043051621607258256,0.0377104197470564,0.03243225760503316,0.03144210893378081,0.031213899088522953,0.03014640317105126
2022-11-15,0.042001987865345404,0.042532601441699396,0.0430668394233165,0.03772070293927901,0.03243867548307914,0.031448377006191144,0.031219700599746065,0.030152348994149075
2022-11-16,0.041990523254924264,0.04252172930333267,0.043056555208292956,0.03771375385207872,0.03243433864308009,0.031444141156311216,0.03121577987112654,0.030148330645049574
2022-11-17,0.042112961011204014,0.04263781852759356,0.04316634460640927,0.03778787340695734,0.03248055726566748,0.03148933528530422,0.03125764900257416,0.03019126227876371
2022-11-18,0.04185578260293505,0.04239392120131923,0.04293562638076698,0.03763194675875582,0.03238322812722205,0.03139429579499993,0.03116969651150518,0.030101128863142975
2022-11-21,0.04233395726526916,0.042847237512089686,0.043364274946505285,0.037921130234055155,0.032563436404136836,0.03157066768551395,0.03133320586424717,0.030268848580062478
2022-11-22,0.042425199224717804,0.042933655064081915,0.04344590494954788,0.037975949368912534,0.032597449732036765,0.03160415621766515,0.03136439489904076,0.030300917516290587
2022-11-23,0.042451140273276115,0.04295821972136644,0.04346910372348475,0.03799151384242558,0.032607098196178574,0.031613667642550254,0.031373261642570524,0.030310038916462848
2022-11-24,0.04231935051160162,0.042833400668761415,0.04335120212747594,0.037912343575862525,0.03255798015285051,0.031565301630860035,0.03132821255164548,0.03026371668840147
2022-11-25,0.04178823443965005,0.04232982724701051,0.04287496005509836,0.037590840853535853,0.03235750790807421,0.03136926402989581,0.031146591214704183,0.030077482891536937
2022-11-28,0.04222172448083688,0.042740903297995625,0.04326379417976309,0.03785354065835293,0.03252143390148211,0.03152940198772902,0.031294836878184094,0.03022943096334271
2022-11-29,0.04249427404011664,0.04299906020722729,0.043507668428657685,0.0380173730629937,0.032623119820027476,0.0316294733375429,0.031388004303798664,0.030325209416982774
2022-11-30,0.04256360090106421,0.043064688953627604,0.04356962726154349,0.038058880943147556,0.03264881439932964,0.031654852119115486,0.03141169787417554,0.030349602171937298
2022-12-01,0.042628442683141976,0.043126058206213916,0.043627550443469644,0.038097642699162874,0.03267278388318042,0.03167856114548957,0.03143385679735822,0.030372427934417582
2022-12-02,0.04238251382568784,0.04289322989559088,0.04340772274867542,0.037950317967060325,0.032581552313186865,0.03158849602039747,0.03134980427199331,0.030285912186909902
2022-12-05,0.04264404578356585,0.04314082372697704,0.04364148476332903,0.038106961296062516,0.032678542674980146,0.03168426230349787,0.031439188715225865,0.0303779221771769
2022-12-06,0.042542229537243806,0.04304445921493404,0.043550530444770204,0.03804609248282331,0.03264090093536623,0.031647031895417774,0.03140439407853584,0.03034208132137688
2022-12-07,0.0435985194232717,0.04404259699904458,0.04449095668234842,0.038670486351952624,0.033024092047057904,0.03203002638766063,0.03176516028063679,0.030715204353899288
2022-12-08,0.04383981782986884,0.0442701130224212,0.04470479396168861,0.038810906480686136,0.033109338723994526,0.03211650090806702,0.031847507956196466,0.03080084470417759
2022-12-09,0.04360184482810271,0.0440457337313452,0.04449390616277595,0.03867242715810093,0.033025272677633374,0.03203122070339343,0.03176629530514612,0.030716383561003074
2022-12-12,0.043656520274293426,0.0440973020022823,0.04454239064706335,0.03870431483404103,0.03304466099836868,0.03205084698663667,0.031784956416872276,0.030735775894219605
2022-12-13,0.0435791199793875,0.04402429751124484,0.04447374886717345,0.03865916111940627,0.03301720135401845,0.03202305765951088,0.03175853878523116,0.03070832577467563
2022-12-14,0.04358401623069597,0.04402891625665688,0.04447809219667927,0.03866202001466096,0.03301894102665405,0.03202481673760115,0.031760210008160705,0.03071006177629183
2022-12-15,0.043654304031745354,0.04409521189351252,0.0445404257229068,0.03870302310987903,0.03304387595679742,0.03205005182428036,0.031784200022295844,0.030734989684539436
2022-12-16,0.04357921236274492,0.04402438465927979,0.04447383081931599,0.03865921506471494,0.03301723418173602,0.03202309085156231,0.031758570318261785,0.03070835852929337
2022-12-19,0.043788152026129366,0.04422141394246542,0.04465903932022619,0.03878091014686283,0.033091158205119486,0.032098017380834676,0.03182987808417602,0.03078249501123059
2022-12-20,0.043938494250269085,0.04436309948768291,0.044792133177816024,0.038868090473247845,0.033143952214619535,0.03215175396144494,0.03188117607907623,0.030835910075824622
2022-12-21,0.044394451401287754,0.04479235752148943,0.04519489187977275,0.039130509995320015,0.03330201966946489,0.03231381749270064,0.03203669375708835,0.030998268324193237
2022-12-22,0.044401531840986934,0.0447990180594163,0.045201135650237846,0.03913456146923343,0.033304449908820546,0.03231632332290556,0.032039108052844475,0.031000793842996338
2022-12-23,0.04418374623028455,0.044594073849734635,0.04500893688110468,0.03900961274668596,0.03322935745390937,0.032239095523471525,0.03196483750746727,0.03092317226194251
2022-12-28,0.044530584649353264,0.04492038897144969,0.04531488196546597,0.03920827959704562,0.03334861415017631,0.032361938118157754,0.0320831088633652,0.031046848749985305
2022-12-29,0.04455750458825345,0.04494569968050921,0.04533859543817995,0.039223626608996615,0.03335779532927525,0.03237143928896435,0.032092286372410454,0.031056461164065782
2022-12-30,0.04440199159988558,0.044799450546936924,0.04520154106993653,0.03913482452129359,0.033304607687353854,0.0323164860241814,0.032039264821176326,0.03100095783874668
2023-01-03,0.044668172638859895,0.04504972742569267,0.04543603233228324,0.039286608167775725,0.033395425470658574,0.03241044815670942,0.032130011914656885,0.031095997950582568
2023-01-04,0.044693143597488855,0.045073194565897534,0.04545800684603687,0.039300794707924296,0.03340389094853577,0.032419238808132016,0.03213852351883682,0.031104923439107826
2023-01-05,0.04496071385625962,0.04532452337301985,0.04569321489485769,0.03945223925439405,0.03349401408095312,0.03251317240513221,0.03222971074160902,0.031200665948167356
2023-01-06,0.044802349477051896,0.045175799899222234,0.045554060722876086,0.03936273071314818,0.03344080343558527,0.03245763437969623,0.03217574430508817,0.03114397679182298
2023-01-09,0.045027702469521605,0.04538740916926406,0.045752028311228335,0.03948999182142535,0.033516408900596636,0.03253661478346206,0.032252535457389125,0.03122466566724791
2023-01-10,0.045075156186106045,0.04543194761843678,0.045793673107744376,0.03951669559848488,0.03353223217565776,0.03255320285779481,0.03226870296824671,0.031241673922224423
2023-01-11,0.045131296041685684,0.04548462904906448,0.045842921742032534,0.03954824493833644,0.033550907997163815,0.032572807830436507,0.032287828596543854,0.031261803181420175
2023-01-12,0.045369573409284436,0.04570811240738833,0.04605172056168201,0.03968163882710935,0.033629645196522326,0.03265578309636087,0.032368989340471985,0.03134733238556542
2023-01-13,0.04531716954537595,0.045658978182317574,0.04600583180334384,0.0396523730553939,0.033612402315270434,0.03263756720914788,0.0323511419306579,0.03132850911585018
2023-01-16,0.04553792644373737,0.04586590009998335,0.04619902093679419,0.03977538565167068,0.03368475819166766,0.03271417853932837,0.032426317989616385,0.031407853889854086
2023-01-17,0.04572874720985744,0.04604463224324273,0.0463657535763112,0.03988113963156953,0.033746705779334044,0.0327801360491178,0.03249128257726548,0.031476544285461275
2023-01-18,0.04560688367385826,0.045930502750888946,0.04625930112988984,0.0398136640211991,0.03370720821307188,0.03273804209983715,0.032449796186411695,0.03143266536986005
2023-01-19,0.0454905080697562,0.04582146702819473,0.046157551133848604,0.039749022993646514,0.03366927854212072,0.03269775017287147,0.03241017202880499,0.031390799700862504
2023-01-20,0.04538018028702575,0.045718056388345356,0.04606100654507153,0.0396875575089093,0.033633130206503076,0.03265946786189357,0.03237260162556198,0.031351143229440326
2023-01-23,0.04552504528395494,0.045853830629825024,0.046187757166495653,0.0397682275281096,0.03368055653581943,0.0327097172876918,0.032421932050274424,0.03140322053791121
2023-01-24,0.04551252862630093,0.04584210216796548,0.04617681108332224,0.03976126962365538,0.03367647136183094,0.03270538120566753,0.03241767015203956,0.03139871872359391
2023-01-25,0.0454790855131217,0.045810762487542726,0.046147559308273536,0.03974266758575365,0.033665544566307354,0.03269379049773892,0.03240628250102216,0.031386692438064585
2023-01-26,0.045630076333595886,0.0459522272826843,0.04627956835854423,0.039826522611180915,0.03371474267227835,0.032746061012191054,0.032457692236289984,0.03144101318265041
2023-01-27,0.0454585230071604,0.04579149144438019,0.046129570191931965,0.0397312219622966,0.033658817798030476,0.032686660206928564,0.03239928055970019,0.03137929956149449
2023-01-30,0.04576588247164403,0.04607940093882275,0.04639817313340308,0.03990165782611868,0.03375869683575722,0.032792943296659306,0.032503923363917206,0.031489923371605805
2023-01-31,0.04570876202214594,0.04602591878421504,0.04634830247823877,0.03987008887639652,0.033740243819797164,0.03277323967403312,0.032484479400482005,0.0314693455614755
2023-02-01,0.04606896020191516,0.04636299271689894,0.046662422226248564,0.040068353908330204,0.033855773896890116,0.03289711941683051,0.032607067999949,0.03159925521746522
2023-02-02,0.04598934584920196,0.04628852666241693,0.046593066657499745,0.04002469685304416,0.03383040915167221,0.03286981420143424,0.03257997722107945,0.031570511216526376
2023-02-03,0.04588626604133403,0.04619208119594545,0.046503206763908136,0.039968032841069576,0.03379742429879208,0.032834397074208876,0.03254489760304012,0.03153332068960905
2023-02-06,0.0461613721603418,0.04644940229782309,0.046742873479969256,0.040118910649242924,0.03388509403479158,0.03292875969515636,0.03263850999297986,0.03163264119186966
2023-02-07,0.04616055296286947,0.046448636434461434,0.04674216055947463,0.040118463039965774,0.033884834698471374,0.0329284794715729,0.03263823128796091,0.03163234513601109
2023-02-08,0.04616719745162976,0.04645484826701601,0.04674794290957938,0.04012209329915568,0.03388693787124773,0.03293075222559527,0.0326404918483906,0.03163474648963081
2023-02-09,0.04615418129326912,0.04644267951788929,0.0467366153533216,0.0401149812209206,0.033882817244129185,0.032926299752883637,0.032636063526690254,0.03163004249312958
2023-02-10,0.04634477368978765,0.046620806910607854,0.046902369107677415,0.040218869828610365,0.03394289445413916,0.03299138070821003,0.032700898895563865,0.03169896788899447
2023-02-13,0.046681225354107195,0.04693495673664863,0.04719438017295337,0.04040094054523169,0.034047581455654154,0.03310566075179239,0.03281531323069479,0.03182088289210114
2023-02-14,0.046838323384606396,0.04708151088085308,0.047330467362097464,0.04048537318030329,0.03409586243465711,0.033158754600230475,0.03286871906296172,0.03187791415252921
2023-02-15,0.04699717847488259,0.04722961930602287,0.047467907424648396,0.040570372665146535,0.0341442934578305,0.03321226911742873,0.03292271103768479,0.0319356521418198
2023-02-16,0.04699138147304059,0.047224215978415175,0.047462894904783344,0.040567277516250416,0.034142533000299805,0.03321031931152317,0.032920740939404905,0.03193354392501348
2023-02-17,0.04711054248693437,0.047335261855546526,0.04756588470564476,0.04063079829870834,0.03417861499618077,0.033250352031848895,0.032961234529190836,0.03197689824361906
2023-02-21,0.0471132579471128,0.04733779182489356,0.04756823053342247,0.04063224332107864,0.034179434656556956,0.03325126315737266,0.03296215722958588,0.03197788666469236
2023-02-22,0.046980058632612176,0.04721366174318472,0.04745310367782998,0.040561230536787715,0.034139092923141316,0.033206510234192355,0.03291689285380813,0.03192942637300347
2023-02-23,0.04691464312061532,0.04715267819356248,0.04739651980665992,0.04052625745037569,0.03411917945887899,0.03318448667324498,0.0328946601664522,0.03190564491825361
2023-02-24,0.046736480169402635,0.04698651253519369,0.04724226395596231,0.040430679609070555,0.03406460658667178,0.03312435440475597,0.03283409848154449,0.03184093432537677
2023-02-27,0.046965654887804485,0.04720023511029258,0.0474406470408111,0.04055353540195919,0.0341347139271288,0.03320166343894731,0.032911997635182696,0.03192418895950229
2023-02-28,0.046835966172524224,0.04707931249290243,0.04732842664023786,0.0404841090329292,0.03409514082331301,0.03315795919907905,0.0328679178044898,0.03187705791440349
2023-03-01,0.046791898422722696,0.04703821048039283,0.04729026873643077,0.04046046059256076,0.03408163450998915,0.033143082229868254,0.032852937934223794,0.0318610534686878
2023-03-02,0.04679661403625229,0.04704260904906233,0.04729435257279044,0.04046299256608965,0.034083081238154116,0.03314467482842668,0.03285454094546939,0.03186276582221463
2023-03-03,0.046510629896185075,0.04677571682849073,0.04704641284093598,0.040308834445426045,0.03399471921453932,0.03304781291212737,0.03275730650712955,0.0317590281461369
2023-03-06,0.04665490723384779,0.04691039685499454,0.04717156569089578,0.04038675958929141,0.03403945567192229,0.033096749492408886,0.03280636525342437,0.031811335240962704
2023-03-07,0.04655095630858954,0.0468133677863593,0.047081407904865626,0.04033064638732409,0.0340072557487963,0.03306150538487683,0.032771019660449596,0.03177364257959017
2023-03-08,0.04665182139478264,0.046907517019123254,0.04716889035374593,0.0403850961706351,0.03403850220881714,0.03309570432181595,0.03280531606953378,0.03181021588865687
2023-03-09,0.04665699468151801,0.04691234493148192,0.04717337541402577,0.04038788474504633,0.034040100568246565,0.03309745647170326,0.03280707498229453,0.03181209245314618
2023-03-10,0.04660044303948889,0.04685956384548625,0.047124337341099116,0.040357379745726354,0.03402260565214491,0.033078292904913945,0.032787846831147854,0.03179158281221417
2023-03-13,0.045610353640303705,0.045933753176827824,0.04626233363419149,0.03981558836108747,0.03370833600054156,0.03273924207935486,0.03245097756768979,0.03143391423476075
2023-03-14,0.045846603491074646,0.04615496195953965,0.04646861213312756,0.039946188046615885,0.03378468927313073,0.03282075022768169,0.032531398597173244,0.03151901834028289
2023-03-15,0.04554258534988621,0.04587026529615672,0.046203094590205385,0.039777974027906615,0.03368627724173882,0.032715791825980535,0.032427904294814056,0.03140952980753918
2023-03-16,0.04563436754669772,0.0459562466607854,0.04628331790567441,0.039828900898600236,0.033716135835732804,0.03274754431010125,0.03245915317423061,0.03144255789196472
2023-03-17,0.04524617495357939,0.045592398742444244,0.045943634854833194,0.0396126608448797,0.03358897610162803,0.0326128596499969,0.03232696109756966,0.03130301982992012
2023-03-20,0.045382831904792496,0.045720542230336315,0.046063327836392706,0.039689036864892044,0.03363400115934527,0.03266038889973033,0.03237350465458087,0.03135209595089972
2023-03-21,0.045465011884515114,0.0457975729275935,0.046135247289349854,0.0397348345100549,0.033660941246300216,0.03268891060906366,0.03240149017105341,0.031381632397489485
2023-03-22,0.04546821053717262,0.04580057070664522,0.04613804567804953,0.03973661506600777,0.033661987752195296,0.032690019826757476,0.032402579378807056,0.031382782396320225
2023-03-23,0.045443259475501326,0.045777185662109615,0.04611621508593389,0.039722721870551585,0.033653820376093976,0.03268136555620735,0.03239408290544273,0.03137381256753813
2023-03-24,0.04541784773113752,0.04575336673758942,0.046093977215727826,0.03970856276568337,0.033645492498714666,0.03267254718920873,0.032385429279816615,0.03136467883832729
2023-03-27,0.04544718973532476,0.045780869381206894,0.046119654085143805,0.039724910915677994,0.033655107517395186,0.032682729044205855,0.03239542127718299,0.03137522537303894
2023-03-28,0.045453313450346006,0.04578660886097326,0.046125012167305156,0.039728321202274104,0.03365711253794916,0.03268485327964467,0.03239750657304703,0.0313774267395316
2023-03-29,0.0455567439985304,0.04588353090517384,0.04621547374851587,0.03978583827370771,0.0336908916871759,0.03272069378615,0.032432725097608056,0.03141462336251584
2023-03-30,0.04526237087106248,0.04560758889614363,0.04595782668677731,0.03962172684235238,0.03359432700722194,0.03261849913738801,0.032332477636459606,0.031308833487590434
2023-03-31,0.04533162106178911,0.04567252892722571,0.046018488437298326,0.039660447752934994,0.03361716156942861,0.03264259248334404,0.032356063864839135,0.03133369931285027
2023-04-03,0.04556021497377962,0.04588678285171486,0.046218508282223326,0.039787765733888945,0.033692022447944364,0.03272189528922781,0.032433906898146334,0.03141587212332317
2023-04-04,0.04548246666860915,0.04581393115023837,0.04615051704701173,0.03974454902998705,0.0336666500551743,0.03269496268047164,0.03240743383396352,0.03138790817972968
2023-04-05,0.04546674830330788,0.045799200304443496,0.04613676642943016,0.039735801120306544,0.03366150937116378,0.03268951276691235,0.03240208145831726,0.031382256681810605
2023-04-06,0.0452518482722057,0.04559771984709079,0.04594860635180044,0.03961583703822219,0.0335908509382329,0.03261483532401267,0.03232889351617067,0.031305056234592926
2023-04-10,0.045678642975399156,0.04599771381868202,0.046321997491167506,0.039853423504893036,0.03373049371011874,0.03276284126050205,0.03247422621773374,0.03145849862115257
2023-04-11,0.04565545684991697,0.04597599913617854,0.04630174340744397,0.03984058512576987,0.03372297850965625,0.03275483221659926,0.03246633288350058,0.031450150134125374
2023-04-12,0.045805290005891286,0.04611629209449928,0.046432566434740453,0.039923409246671565,0.033771398615109,0.03280652399530757,0.03251733696963663,0.03150412517317676
2023-04-13,0.04572810844978337,0.046044034150233865,0.04636519585083592,0.03988078652206419,0.03374649933843367,0.032779915671226026,0.03249106513903814,0.03147631418555852
2023-04-14,0.04552714653166626,0.045855799507555015,0.046189594651103276,0.039769395368250346,0.03368124210570798,0.032710445108692206,0.032422647514459765,0.031403976326138075
2023-04-17,0.04588034003484566,0.04618653551986458,0.0464980386210262,0.039964770474939314,0.033795523077752965,0.03283235876843554,0.03254288075187388,0.031531183496950985
2023-04-18,0.04582052151835441,0.04613054961321338,0.04644585712787298,0.039931810301051154,0.03377630166523786,0.03281177028858809,0.03252252131667426,0.03150961547103237
2023-04-19,0.045803556993878496,0.04611466985279752,0.04643105414806336,0.03992245317380236,0.03377084053122163,0.03280592698259622,0.03251674709823502,0.0315035005373272
2023-04-20,0.04578850641867005,0.046100580857885765,0.04641791965550897,0.03991414816528159,0.0337659918497649,0.032800741289922566,0.03251162422572997,0.03149807614384975
2023-04-21,0.0456611167431648,0.04598130000432341,0.04630668789664062,0.03984371979358135,0.0337248137769591,0.032756787614748505,0.03246825972249669,0.03145218792409524
2023-04-24,0.04583620765435272,0.04614523187875077,0.04645954290991773,0.039940458523492185,0.03378134735818167,0.03281717152738961,0.032527860297779945,0.03151527029453057
2023-04-25,0.04582991513209358,0.0461393421591437,0.04645405302907582,0.039936989709933944,0.03377932372037207,0.03281500501087227,0.03252571856863421,0.031513001772024526
2023-04-26,0.04592081514904697,0.04622441062069985,0.04653333282765957,0.03998704236074787,0.03380849788839239,0.03284627582016367,0.032556655705855767,0.03154578258661625
2023-04-27,0.04593239073695362,0.04623524162157563,0.04654342471547926,0.03999340749955915,0.0338122039841537,0.032850253950500743,0.03256059511040822,0.03154995863326983
2023-04-28,0.045765243849336334,0.04607880305347353,0.046397615685071746,0.03990130514273329,0.03375849080090268,0.032792723126831125,0.032503705982945746,0.03148969325748764
2023-05-01,0.04598305893237537,0.04628264539205734,0.04658758805308008,0.04002124537743762,0.0338284020350396,0.03286765615060021,0.03257783782155883,0.031568242115624034
2023-05-02,0.04591343188641662,0.04621750204549772,0.046526895449819666,0.0399829814453226,0.03380613295741766,0.032843737972220954,0.03255414300294783,0.031543119165822475
2023-05-03,0.04593630985375548,0.04623890854444067,0.04654684129832519,0.03999556207862645,0.03381345828305965,0.032851600609594286,0.0325619288510941,0.03155137258856282
2023-05-04,0.0459593670326669,0.04626048096601018,0.04656693987586226,0.04000823342014694,0.03382083289118292,0.0328595212413388,0.032569775456577216,0.03155969209374574
2023-05-05,0.04578047890692607,0.046093065915870174,0.04641091350991877,0.039909717162410076,0.033763404299763836,0.03279797477418893,0.03250889180334265,0.03149518318953952
2023-05-08,0.045984425673008825,0.04628392395861192,0.04658877909343831,0.04002199575879679,0.03382883842246384,0.03286812532166318,0.03257830291655036,0.0315687353964081
2023-05-09,0.04600510768639969,0.04630327093043983,0.04660680083226842,0.04003334742184113,0.03383543850415932,0.03287522343782362,0.03258534080208901,0.03157620051599001
2023-05-10,0.04602915764281119,0.04632576664939026,0.04662775373037951,0.04004653966213687,0.0338431051329451,0.032883473782403055,0.032593524529450475,0.0315848827405648
2023-05-11,0.04591169996405891,0.04621588144626786,0.04652538535519656,0.03998202874282437,0.033805578085126235,0.03284314260517651,0.032553553584408285,0.031542494417536905
2023-05-12,0.04557903009800449,0.04590440999323234,0.04623495620438249,0.0397982108380274,0.033698148779715206,0.03272840686524971,0.032440312995990685,0.031422641846782985
2023-05-15,0.04586046362913809,0.04616793392707538,0.046480702464176196,0.03995382438710905,0.03378914227850007,0.032825520351688675,0.03253611592342004,0.03152401583548939
2023-05-16,0.046122774602836265,0.04641331521115617,0.04670927844484826,0.04009781011983793,0.03387286387348964,0.03291555162556607,0.03262537812174554,0.031618694110407734
2023-05-17,0.04637123059562197,0.04664552388384105,0.046925358888999756,0.040233248254805405,0.033951189829208514,0.03300039523924613,0.03270989769068736,0.031708543506739975
2023-05-18,0.046614605404688696,0.04687278295223669,0.04713662008096495,0.04036502368490095,0.03402699159311692,0.03308309414685125,0.03279266231693334,0.03179671827088841
2023-05-19,0.04645884552746907,0.04672736007525621,0.047001458633089896,0.040280789404395556,0.03397858382765593,0.033030213632598074,0.032739695975488356,0.03174026781540956
2023-05-24,0.047068266211795586,0.04729587020735776,0.04752935669755206,0.040608286759823184,0.03416583907669121,0.033236160369388215,0.03294686882748046,0.0319615124012871
2023-05-25,0.04734526885922425,0.047553861624398806,0.04776847505996999,0.04075529495751205,0.03424904129226651,0.033328921338112424,0.033040981229335714,0.03206241327233874
2023-05-26,0.047680555758192224,0.04786578682328553,0.04805720791708046,0.04093167676294594,0.034348140195385124,0.033440485297539346,0.033154849731933514,0.032184829046415904
2023-05-29,0.04771257762847531,0.04789555736675426,0.04808474342973775,0.04094843263194154,0.034357512132353496,0.03345109919674666,0.0331657221902919,0.03219653682373538
2023-05-30,0.04774729868398508,0.047927833347815564,0.04811459202992903,0.040966583183868956,0.03436765576170349,0.0334625996420031,0.03317751058515403,0.032209234701458304
2023-05-31,0.04784384864486724,0.04801756242839462,0.04819754956244633,0.04101695810265997,0.03439576237138596,0.03349453484879446,0.03321028808705478,0.03224456177892224
2023-06-01,0.04791476083426911,0.0480834445126612,0.0482584378972053,0.04105386561363285,0.034416311673205136,0.033517948315232936,0.03323435919584675,0.03227052472663172
2023-06-02,0.04776019325049421,0.04793981881766188,0.04812567498043233,0.04097331917094137,0.03437141801496281,0.03346686847891205,0.03318188837312138,0.0322139512444091
2023-06-05,0.04834661372000157,0.04848428927885695,0.048628498205671875,0.04127696307228039,0.03453973308456485,0.0336597703853648,0.03338090207490054,0.032428942519585995
2023-06-06,0.049061566556130164,0.049146480434394416,0.04923830654972053,0.04163996622369423,0.03473750825581571,0.03389165286592051,0.033623322902163744,0.03269236819896985
2023-06-07,0.049809429916925524,0.049837228517397164,0.04987234725217943,0.04201111560135805,0.034935541075896616,0.03413028111904248,0.03387664929463158,0.03296948203223134
2023-06-08,0.04983917412099712,0.04986466005319798,0.04989748258991982,0.04202569435248579,0.03494322855882448,0.03413968809630492,0.033886719245816724,0.032980536799439096
2023-06-09,0.04999653262901699,0.05000973106689988,0.05003035355966978,0.04210258778282247,0.034983656751978745,0.03418934741092855,0.03393998631478236,0.03303906352135328
2023-06-12,0.05000889773173617,0.05002112687646748,0.05004078697045111,0.04210861331410432,0.03498681632346825,0.034193241942557365,0.03394417150335971,0.03304366554823989
2023-06-13,0.04989837930332462,0.049919252522532646,0.04994749518642856,0.04205467122616276,0.03495848713417928,0.03415839329869856,0.033906762024008205,0.03300254869692669
2023-06-14,0.050033625134313184,0.05004391427076028,0.050061648153510795,0.04212065570724347,0.034993127205431206,0.03420102677275423,0.03395254071564155,0.03305286989122622
2023-06-15,0.050028377544731634,0.05003907856804823,0.05005722140858972,0.04211810091383416,0.03499178876635502,0.034199375068374234,0.03395076464574827,0.033050916419292274
2023-06-16,0.050075155200846495,0.05008218113489032,0.050096675017269617,0.04214085917647975,0.03500370378627747,0.034214091463180725,0.033966596292076656,0.03306833273105853
2023-06-19,0.05015613960383099,0.0501567844489577,0.050164942593873975,0.04218017720242645,0.03502424658749012,0.03423953156139142,0.03399400258592167,0.033098499989460864
2023-06-20,0.050071954114760994,0.050079231792204505,0.050093975628276374,0.04213930289594693,0.035002889566674855,0.03421308490158061,0.03396551293460104,0.03306714069613075
2023-06-21,0.05017089204401903,0.05017037195108363,0.05017737343459122,0.042187328258613654,0.03502797710195203,0.03424416066024778,0.033998994691507245,0.033103997433176754
2023-06-22,0.05018804230226808,0.05018616694349906,0.050191822789002194,0.04219563725682987,0.03503230944936957,0.034249540154793284,0.03400479806984892,0.03311038921228253
2023-06-23,0.05020545730141315,0.05020220467527179,0.050206493036359455,0.04220406970861788,0.03503670370574247,0.03425500048436028,0.03401069089001253,0.03311688053568179
2023-06-26,0.05023841632092166,0.05023255414409854,0.0502342514873425,0.042220015403852326,0.03504500641503103,0.03426532842695623,0.03402184304299584,0.03312916820834504
2023-06-27,0.050235662587605,0.05023001858877776,0.05023193256069511,0.042218683802448254,0.035044313408743276,0.03426446583010006,0.03402091129784826,0.03312814144929353
2023-06-28,0.05027678609114961,0.05026788104493124,0.05026655712369445,0.04223855695571962,0.03505464953961322,0.034277341827908835,0.03403482535262756,0.03314347709154817
2023-06-29,0.050198171660440036,0.05019549535266047,0.05020035593856928,0.04220054254521715,0.03503486595851088,0.03425271640210999,0.0340082256204073,0.03311416475461166
2023-06-30,0.05031195045284205,0.0503002520877112,0.050296154675600835,0.042255528857447246,0.03506346570481564,0.03428834213922044,0.034046722508367766,0.03315659438583534
2023-07-04,0.05044232978673467,0.050420235731302165,0.0504058163795422,0.04231828287057547,0.03509597488262095,0.03432904880947843,0.03409082861973352,0.033205261082712045
2023-07-05,0.05036095478960583,0.0503453562883065,0.0503373864166714,0.042279147525621646,0.03507571761413818,0.034303656798246686,0.03406330116413317,0.03317488040460719
2023-07-06,0.050426359712311866,0.050405542311108005,0.050392390560084,0.04231061082623399,0.03509200799116206,0.03432406939838087,0.03408542652635739,0.03319929725986546
2023-07-07,0.0502231369561542,0.05021848501782631,0.05022138400506529,0.042212625350139324,0.03504115961966152,0.034260541520123186,0.03401667311654728,0.03312347141217625
2023-07-10,0.050477192337933255,0.05045230815853633,0.050435118465767086,0.04233501666015856,0.03510461988175357,0.03433991230088739,0.03410262092747829,0.033218282657730434
2023-07-11,0.05051249082136377,0.050484777158595555,0.05046477803969755,0.04235193980443909,0.0351133524338707,0.03435090250901392,0.03411456010116097,0.033231470687052664
2023-07-12,0.051088773175777175,0.05101422663693066,0.05094772594170568,0.04262538489577897,0.03525298421259914,0.034529024840719943,0.034309394697077916,0.03344729662721417
2023-07-13,0.05108727095977492,0.051012848072726005,0.05094647015623083,0.04262467908500284,0.03525262744863539,0.03452856372850223,0.03430888702157321,0.033446732751069366
2023-07-14,0.05110565005384631,0.05102971376337069,0.050961833128541606,0.04263331191641642,0.03525698972960091,0.034534204121431475,0.03431509818148601,0.03345363204066072
2023-07-17,0.051234774846913994,0.051148171127964104,0.05106969834377407,0.0426938081718605,0.03528747754452395,0.03457376042226406,0.034358730935336604,0.033502132176942874
2023-07-18,0.05126116999115865,0.05117237817118395,0.051091732719421065,0.042706141148301346,0.03529367521884278,0.03458183102729111,0.034367649169351186,0.0335120524650767
2023-07-19,0.05125684466169397,0.05116841157709901,0.051088122330608714,0.04270412094117745,0.03529266041941143,0.03458050886708948,0.03436618777583321,0.03351042670167731
2023-07-20,0.0513129766462757,0.05121988274347857,0.05113496554533987,0.04273031448576411,0.03530580549777175,0.03459765633455782,0.0343851523158135,0.03353152937841608
2023-07-21,0.051306534817838555,0.051213976387300346,0.0511295908860518,0.042727311067564014,0.03530429963609161,0.0345956896511368,0.034382975981279956,0.033529107113300316
2023-07-24,0.051338564926353615,0.051243342513722104,0.05115631181134496,0.042742238000609424,0.03531178018635035,0.034605465342549525,0.03439379697054713,0.033541152338079756
2023-07-25,0.0514184800440109,0.0513165945816199,0.05122294778680772,0.04277940767132521,0.03533036872073058,0.03462982219362891,0.03442079317607705,0.03357121849468801
2023-07-26,0.05144061286198342,0.05133687789312908,0.05124139462184572,0.04278968351127273,0.035335497829678736,0.03463655945869884,0.03442826933916922,0.03357954880563114
2023-07-27,0.051476230601289724,0.051369515491666434,0.051271073071184066,0.04280620332085674,0.03534373459015226,0.03464739384022365,0.03444030002632924,0.03359295761569181
2023-07-28,0.05125154818177623,0.0511635542847717,0.051083701128250864,0.04270164672908042,0.03529141734181515,0.03457888965660462,0.03436439824866598,0.03350843598730024
2023-07-31,0.05144749016902447,0.05134318013836434,0.05124712585627798,0.04279287488107048,0.035337089907342356,0.034638652173739286,0.03443059235111226,0.033582137571858336
2023-08-01,0.051603737300315755,0.051486315416686954,0.05137724159959193,0.042865171743209834,0.03537304519094425,0.034686101359975824,0.03448336322238214,0.03364099040707966
2023-08-02,0.05157290529482925,0.0514580778726723,0.05135158025722635,0.0428509371892469,0.035365982910822116,0.03467675281473817,0.0344729509653245,0.03362937128956732
2023-08-03,0.051676565390329554,0.05155300122513833,0.05143782834169723,0.042898733167419115,0.03538966298590253,0.034708155093739874,0.03450795611742544,0.033668447150281146
2023-08-04,0.05169443712125026,0.051569362672853225,0.05145269012905993,0.04290695570385887,0.03539372718189722,0.03471356089040258,0.03451399072461679,0.0336751873561647
2023-08-08,0.05164099207552694,0.05152043058907394,0.05140823926092354,0.042882350765589286,0.035381557160032204,0.03469738780494612,0.03449594389314743,0.03365503375628013
2023-08-09,0.05172181310021963,0.051594422907377695,0.051475450905033984,0.04291954083716337,0.03539994221886943,0.0347218368403077,0.034523234255462734,0.03368551388319528
2023-08-10,0.051705792998506514,0.05157975828815066,0.05146213223595584,0.04291217765962861,0.03539630679634644,0.03471699453721687,0.03451782509390694,0.03367947064803194
2023-08-14,0.05187242928545478,0.05173224884623217,0.05160057649705828,0.04298856076479207,0.03543390809424265,0.03476726801508556,0.03457408345661343,0.03374236822872231
2023-08-15,0.052035905391917256,0.05188174751124521,0.05173619586872543,0.04306305050865935,0.03547033681877684,0.034816384047185955,0.034629261739037395,0.03380415412802289
2023-08-16,0.052243787743295154,0.052071712117569766,0.05190836840273906,0.04315713603173063,0.03551600143443719,0.034878548978824794,0.034699409615234836,0.033882839863620805
2023-08-17,0.05224352455037279,0.0520714717115226,0.05190815062384409,0.04315701736613768,0.035515944087903484,0.03487847048165227,0.03469932081675277,0.03388274015959971
2023-08-18,0.05230746763419253,0.05212987109268891,0.05196104515303703,0.043185813525427386,0.03552984158036547,0.03489752596876284,0.03472089352972951,0.033906969557114065
2023-08-21,0.05232263828312077,0.052143724243755574,0.05197359003715093,0.04319263551212067,0.035533128493544036,0.03490204235475921,0.03472601141211877,0.03391271985831185
2023-08-22,0.05230439825174596,0.05212706816675395,0.051958506816611294,0.04318443281028066,0.03552917607914957,0.034896611983221956,0.03471985804684509,0.0339058062195426
2023-08-23,0.052213078965931956,0.05204366031924026,0.05188295495780823,0.04314328263002084,0.03550930235084153,0.03486938654059231,0.03468904857194688,0.03387120803082028
2023-08-24,0.05234955604522419,0.05216830221076491,0.051995844600504146,0.04320473056080382,0.03553895083843567,0.034910051601052504,0.03473509195388977,0.03392292451766773
2023-08-25,0.05235271222692063,0.05217118386763122,0.0519984536555496,0.043206147949267124,0.03553963270904446,0.034910990345167925,0.03473615664904239,0.033924121186052814
2023-08-28,0.05230737993837325,0.05212979101032987,0.05196097263079287,0.04318577407896585,0.035529822568467886,0.03489749985613176,0.03472086394484589,0.033906936318812905
2023-08-29,0.05237883599114322,0.05219503395542782,0.052020045992307605,0.043217873332577636,0.03554526998965586,0.03491875742591499,0.034744968958777725,0.03393402718933142
2023-08-30,0.05234429560313138,0.05216349923940188,0.05199149589526882,0.04320236781594172,0.035537813976957,0.03490848681719926,0.03473331740408986,0.03392093008472935
2023-08-31,0.05224615646001223,0.052073875742474324,0.0519103283733964,0.04315820396149206,0.03551651749551911,0.03487925542380026,0.034700208793434204,0.0338837372018315
2023-09-01,0.051944432120199745,0.05179810755586214,0.0516603342372062,0.043021424040418366,0.035450009239969604,0.0347889260451813,0.0345983882673957,0.03376957182832887
2023-09-05,0.051970535024440406,0.05182197830509153,0.051681988505058986,0.043033316704671094,0.03545582449735226,0.034796767953060026,0.034607198769309094,0.03377943769685355
2023-09-06,0.05193537860171916,0.05178982764637489,0.05165282250403179,0.04301729656733248,0.03544798956491935,0.03478620495654135,0.034595332359471334,0.033766150434623235
2023-09-07,0.051844287497324906,0.05170650322225322,0.0515772102016048,0.042975693155580905,0.035427591075041856,0.034758792472045275,0.03456458340900097,0.03373174013696268
2023-09-08,0.05184288027793736,0.051705215745129686,0.05157604162534987,0.04297504937308089,0.03542727484098206,0.03475836849858756,0.034564108352600056,0.03373120874578677
2023-09-11,0.05193151092287798,0.05178629036194013,0.051649613293710955,0.04301553289124256,0.035447126330194575,0.0347850423135634,0.0345940268580833,0.033764688884516475
2023-09-12,0.051973347204021136,0.051824549853982806,0.051684321112758225,0.04303459728184243,0.03545645030683324,0.03479761248799544,0.034608147943186784,0.03378050071232021
2023-09-13,0.0519684258572596,0.05182004959444193,0.051680238983914,0.043032356171282725,0.03545535504446659,0.034796134502782045,0.03460648687539575,0.03377864043860659
2023-09-14,0.05196833797468929,0.0518199692305871,0.05168016608598366,0.04303231614718861,0.03545533548214816,0.034796108108107585,0.03460645721289815,0.03377860721957534
2023-09-15,0.05192483016619422,0.051780180174635315,0.05164406966866174,0.04301248585960146,0.03544563463849587,0.03478303377903744,0.03459177180949875,0.033762164411630165
2023-09-18,0.05193476329543835,0.051789264906017526,0.05165231196044184,0.04301701600186908,0.03544785225057885,0.03478602000007047,0.034595124668671234,0.03376591791464191
2023-09-19,0.05196069200596473,0.051812977296198354,0.0516738235936649,0.043028833478453044,0.03545363301486958,0.034793811491869,0.03460387649867627,0.033775717182956536
2023-09-20,0.052066911808388586,0.051910091637457606,0.05176189638778076,0.043077129120158056,0.03547719477390461,0.03482567700542716,0.0346397258966874,0.03381588211051642
2023-09-21,0.0520958047148712,0.051936500506967374,0.05178583864928491,0.043090233765693306,0.0354835704763677,0.0348343299546037,0.03464947635554741,0.03382681328287543
2023-09-22,0.05178860493731305,0.051655553174829796,0.051530959407096004,0.04295019430266106,0.035415052233238736,0.034742004760712555,0.03454578506561974,0.033710717947941095
2023-09-25,0.052110907737527364,0.051950303827144356,0.05179835138496815,0.04309707838228337,0.03548689752964773,0.03483885053828473,0.034654572993983196,0.03383252827489678
2023-09-26,0.05218218873535509,0.05201543921938696,0.051857384274346996,0.04312933158655898,0.03550254737786153,0.034860162722518656,0.03467862583969311,0.033859510346880804
2023-09-27,0.05219877542787509,0.05203059314858196,0.05187111548632588,0.043136824649565045,0.03550617653312663,0.0348651164088512,0.03468422244583415,0.033865791128729394
2023-09-28,0.05221913345082836,0.052049191237529546,0.051887965980009665,0.04314601517920447,0.03551062440900358,0.03487119355783701,0.03469109137245242,0.033873501115200544
2023-09-29,0.05209475096223105,0.05193553740416042,0.05178496556033112,0.04308975606917995,0.03548333819902688,0.034834014484419,0.03464912075393475,0.03382641456801039
2023-10-03,0.05221413193636475,0.05204462224300108,0.05188382647319917,0.04314375790711816,0.035509532322742746,0.03486970082943734,0.03468940384847313,0.03387160682639735
2023-10-04,0.05222132704795798,0.05205119510778734,0.051889781453462604,0.043147005057513815,0.035511103248120415,0.034871848188419305,0.034691831493949346,0.03387433194873736
2023-10-05,0.052229750180083835,0.052058889546240265,0.051896752306533435,0.04315080532152929,0.03551294116255993,0.03487436154569479,0.034694673443775095,0.03387752237849839
2023-10-06,0.05234955604522419,0.05216830221076491,0.051995844600504146,0.04320473056080382,0.03553895083843567,0.034910051601052504,0.03473509195388977,0.03392292451766773
2023-10-10,0.05237944958499146,0.0521955941145809,0.052020553091005034,0.043218148601380554,0.03554540225685661,0.03491893979616052,0.0347451759378886,0.03393425988601
2023-10-11,0.05227642029283426,0.05210151738343727,0.05193536620060164,0.043171840132871155,0.035523102463692044,0.03488827753434848,0.03471041922525671,0.033895203510262886
2023-10-12,0.05230597679868838,0.052128509682672464,0.05195981226165658,0.04318514291524006,0.03552951835872365,0.03489708204410235,0.03472039058397475,0.033906404506673087
2023-10-13,0.05235244921417288,0.05217094373316701,0.051998236239111054,0.04320602984096548,0.03553957589354857,0.03491091212010665,0.034736067925441136,0.03392402146344039
2023-10-16,0.052456655838462214,0.05226606563373268,0.05208433703270554,0.04325273464071796,0.035561993279269594,0.03494186382734297,0.03477121787625685,0.033963548376888815
2023-10-17,0.05225764862216581,0.05208437257565002,0.051919836853933636,0.04316338385060085,0.03551901987247251,0.034882682234371104,0.034704086079678634,0.03388809100552831
2023-10-18,0.05240031036601115,0.05221463740071809,0.05203779161058855,0.043227503380017365,0.03554989518644612,0.03492513825530713,0.034752212641735336,0.03394217171855458
2023-10-19,0.05231711387909943,0.05213867970719784,0.05196902200601457,0.04319015172308173,0.035531932019000616,0.03490039791233108,0.03472414774423682,0.033910625800702254
2023-10-20,0.052432823179548504,0.052244314289036434,0.05206465243112294,0.04324206893241831,0.035556882770141116,0.03493479230906384,0.03476317935093173,0.03395450543296024
2023-10-23,0.05245139894183451,0.0522612680065624,0.05207999545986565,0.04325038286220005,0.03556086686752087,0.03494030439807823,0.03476944479995689,0.033961553578111786
2023-10-24,0.05240775998113917,0.05222143757376015,0.05204394688934693,0.04323084231918949,0.035551497847682745,0.0349273509881919,0.034754725474372736,0.03394499744152974
2023-10-25,0.05221588687161214,0.05204622542594477,0.05188527896772189,0.04314454998775186,0.03550991556363767,0.034870224620809354,0.03468999596958591,0.033872271487289156
2023-10-26,0.05181253409864184,0.05167744998069777,0.051550838142132085,0.04296115849893532,0.03542044716885211,0.03474922202312037,0.03455386369747515,0.03371975093427243
2023-10-27,0.051728150280707715,0.05160022362871034,0.05148071893955831,0.04292245237490965,0.035401379104776136,0.034723751808905357,0.03452537395978528,0.03368790465921463
2023-10-30,0.05168933111575293,0.05156468828000271,0.05144844431315157,0.04290460703666772,0.03539256658234757,0.03471201668416319,0.034512266635640734,0.03367326156207378
2023-10-31,0.05166247789273354,0.051540103386116295,0.051426111792725306,0.04289224800705878,0.03538645553986902,0.03470389224650357,0.03450319919316991,0.03366313481763591
2023-11-01,0.051477376585594384,0.05137056551385678,0.05127202780712048,0.042806734493483156,0.03534399924811842,0.034647742273363445,0.034440687097928746,0.03359338910082702
2023-11-02,0.05140234144769239,0.05130180345604005,0.051209494637712565,0.04277190978476702,0.03532662351147843,0.03462490726360739,0.03441534162962172,0.033565145199194825
2023-11-03,0.05104971101787715,0.05097837712154712,0.05091506638255856,0.04260701976740164,0.035243694963141003,0.034517029063679525,0.03429619324636049,0.033432636316098906
2023-11-06,0.05135444526163099,0.051257900667236844,0.05116955710298735,0.04274963247619018,0.03531548258505361,0.03461030922384145,0.034399161768216696,0.03354712542065591
2023-11-07,0.05133035947260451,0.051235819875788374,0.05114946717577225,0.0427384156228652,0.03530986547110521,0.03460296174346435,0.03439102490329858,0.033538066308756095
2023-11-08,0.05134227047805415,0.05124673962744006,0.051159402661305406,0.04274396381169372,0.03531264449241053,0.03460659579315972,0.03439504881491065,0.03354254604288762
2023-11-09,0.051328859505738546,0.051234444701778674,0.05114821591487427,0.042737716768807575,0.03530951533613545,0.03460250402803633,0.03439051816253787,0.03353750220053427
2023-11-10,0.051370500452133344,0.05127261817691633,0.05118294636001738,0.042757104185533384,0.035319221426552916,0.03461520452026938,0.03440458551271933,0.03355316503518417
2023-11-14,0.05135462170099994,0.05125806241123239,0.05116970425518996,0.042749714609808545,0.03531552369687793,0.034610363031453165,0.03439922137342208,0.033547191789148195
2023-11-15,0.05129673921503316,0.051204994745211424,0.05112141746551605,0.04272274269880029,0.03530200844577107,0.03459269846891572,0.03437966655504801,0.03352542399400975
2023-11-16,0.05129823948112632,0.051206370370255834,0.05112266932836797,0.042723442478386255,0.035302359462668395,0.034593156636255826,0.03438017342016793,0.03352598807135584
2023-11-17,0.051146465365266944,0.051067163776044255,0.05099594159792009,0.04265246361443566,0.03526665696857986,0.034546720998965996,0.03432889101282821,0.03346895719651519
2023-11-20,0.05131738870883919,0.051223927968783244,0.05113864651969614,0.042732371161595215,0.03530683647162558,0.03459900315342841,0.034386642894107214,0.03353318847945488
2023-11-21,0.051265406936020566,0.051176263644684514,0.05109526920036677,0.04270811977851354,0.0352946689762899,0.03458312603461672,0.034369080691726214,0.03351364506124702
2023-11-22,0.05138814167141858,0.05128878848013136,0.05119765611327588,0.04276530914163411,0.035323324599235914,0.03462058117713242,0.034410544903814316,0.03355980216482955
2023-11-23,0.05133688857732391,0.05124180568194408,0.0511549135133238,0.04274145718987268,0.03531138910816006,0.03460495390590475,0.0343932306483556,0.033540521855462926
2023-11-24,0.05138452537908163,0.0512854738055527,0.0511946409309343,0.042763627613151174,0.035322483913387104,0.03461947920051807,0.03440932329414548,0.033558441536988594
2023-11-27,0.05139484482758878,0.05129493243089734,0.051203244799266384,0.04276842545628056,0.035324882310082295,0.03462262354079759,0.03441280926165481,0.033562324326425884
2023-11-28,0.05132144769962745,0.0512276494151255,0.05114203280131493,0.04273426297311314,0.03530778465288202,0.034600242065538245,0.03438801418176361,0.03353471486342764
2023-11-29,0.051333182901735185,0.0512384083814855,0.05115182241413808,0.04273973099559451,0.035310524436957924,0.03460382326819068,0.03439197875250398,0.03353912816343846
2023-11-30,0.05133309467032437,0.05123832749181224,0.051151748814446944,0.04273968989251503,0.035310503846484126,0.03460379634667495,0.03439194894502781,0.03353909498040229
2023-12-01,0.05101214234166903,0.050943893004863336,0.05088364503811535,0.04258933343403505,0.035234736734568714,0.03450548120774187,0.03428349584115692,0.03341854078237785
2023-12-04,0.05126664269061877,0.05117739687615519,0.05109630063175745,0.042708696814079475,0.03529495876035732,0.0345835037133915,0.03436949821036357,0.03351410957062885
2023-12-05,0.051210847753973436,0.051126225335494116,0.051049719874682764,0.04268261857107544,0.03528184924671779,0.03456643995245611,0.03435064630149215,0.03349314126437519
2023-12-06,0.05124642808571469,0.05115885865276382,0.0510794269664209,0.04269925447889739,0.03529021521242767,0.03457732416989259,0.034362668303632965,0.03350651164714353
2023-12-07,0.051239365617325144,0.05115238151661472,0.05107353103382088,0.04269595399785578,0.03528855631620499,0.03457516447474822,0.0343602820616184,0.03350385741240109
2023-12-08,0.051248370210266334,0.0511606397834238,0.05108104823874041,0.04270016194336826,0.03529067124897897,0.03457791800411719,0.03436332449763832,0.033507241567296044
2023-12-11,0.051290826265533274,0.051199572959045495,0.05111648337936043,0.042719984323076436,0.035300624625176996,0.03459089254506781,0.03437766885361111,0.03352320087968655
2023-12-12,0.05126355328635242,0.05117456377069194,0.051093722017531235,0.04270725417019831,0.035294234247811834,0.03458255948961588,0.0343684544063846,0.03351294829900795
2023-12-13,0.05127255652783891,0.05118282000041019,0.05110123650373571,0.04271145793557729,0.03529634519737451,0.0345853109779314,0.034371496280738156,0.033516332593352696
2023-12-14,0.05127829362515728,0.05118808092766694,0.05110602461893091,0.042714135993890054,0.03529768963679171,0.03458706398097568,0.03437343462100555,0.033518489278594694
2023-12-15,0.05099976486526013,0.05093253064838775,0.05087329063026282,0.04258350143232525,0.035231780151931846,0.03450167431978679,0.0342793123716718,0.03341389774507965
2023-12-18,0.05124704603697436,0.051159425379982276,0.051079942830902364,0.042699543225444996,0.03529036032244914,0.034577513120979966,0.03436287709368975,0.03350674389420283
2023-12-19,0.05139643237629883,0.05129638751546763,0.05120456835312516,0.042769163404267355,0.035325251121024734,0.034623107196724054,0.03441334553993089,0.03356292168470939
2023-12-20,0.05141433531316354,0.05131279600089838,0.05121949291733831,0.04277748246263368,0.03532940729188819,0.03462856012260229,0.03441939311635352,0.03356965867060907
2023-12-21,0.051417069083799845,0.05131530146583363,0.05122177168515575,0.04277875231822528,0.03533004146115103,0.0346293925705399,0.03442031656498497,0.03357068748950881
2023-12-22,0.051439731134675856,0.051336069880899726,0.05124065980539841,0.04278927429548862,0.035335293654447986,0.034636291129765406,0.034427971508282626,0.033579216914720524
2023-12-27,0.05145136954577282,0.05134673505542813,0.051250358599223535,0.04279467473951521,0.03533798761990499,0.034639832483645966,0.03443190271416588,0.0335835979149171
2023-12-28,0.05144607946335961,0.0513418874062637,0.051245950266695414,0.04279222031529782,0.03533676339799982,0.03463822293508227,0.03443011584580992,0.033581606540413804
2023-12-29,0.05147376229964639,0.05136725386357225,0.051269016661022106,0.0428050591708861,0.03534316447580201,0.03464664332692621,0.03443946632211778,0.03359202826595692
2024-01-02,0.0514227128503692,0.05132047381702181,0.0512264759423452,0.04278137350088819,0.035331350280555104,0.03463111095072126,0.03442222297848453,0.033572811517889635
2024-01-03,0.05138381975158687,0.05128482702549508,0.05119405258360612,0.04276329948071718,0.03532231984918957,0.03461926416637692,0.03440908492734429,0.03355817604960735
2024-01-04,0.051378527446729924,0.051279976026370216,0.05118963978019838,0.042760838182342956,0.035321089076962686,0.0346176512613363,0.0344072971353378,0.033556184904426814
2024-01-05,0.05139846088796179,0.05129824675582935,0.05120625951496719,0.04277010626728459,0.03532572231225195,0.034623725167085145,0.03441403077491913,0.03356368497820203
2024-01-08,0.05139731434103456,0.05129719588558005,0.051205303647205616,0.04276957335443157,0.035325455996039645,0.03462337588423672,0.03441364346949295,0.033563253551121004
2024-01-09,0.05137120613804219,0.05127326504502338,0.051183534824856936,0.04275743249864583,0.03531938566291731,0.03461541964263125,0.034404823903797496,0.03355343051653795
2024-01-10,0.05134006480279378,0.051244717551430105,0.05115756289033378,0.042742936574974424,0.03531213005480355,0.03460592292141071,0.034394303673726756,0.03354171645563216
2024-01-11,0.051357532922661986,0.05126073114506577,0.05117213221035521,0.042751069728135895,0.03531620195967269,0.03461125081487136,0.03440020484770477,0.03354828687215247
2024-01-12,0.051060317062858,0.05098811142985916,0.05092393511059949,0.0426120086647645,0.03524621968484918,0.034520287246673914,0.034299777738898515,0.03343661639466294
2024-01-15,0.051232744272140446,0.05114630877780991,0.05106800303158218,0.042692858927513816,0.03528700027258576,0.034573139336061195,0.03435804484291689,0.0335013690963322
2024-01-16,0.05132303597251761,0.05122910559127559,0.051143357812003416,0.04273500316103407,0.0353081555982374,0.03460072681516789,0.0343885507610099,0.033535312146986664
2024-01-17,0.051356033208988267,0.05125935635270082,0.05117088145880287,0.04275037165721763,0.035315852570949324,0.034610793481830486,0.034399698212171106,0.03354772273780502
2024-01-18,0.05119875041826466,0.051115128930992265,0.05103961733948982,0.04267695765548973,0.03527899996166352,0.0345627371572931,0.034346558674007766,0.03348859618234242
2024-01-19,0.05127370396364692,0.05118387221049789,0.051102194159654585,0.04271199359779391,0.035296614133430465,0.03458566160322453,0.03437188395558437,0.0335167639287146
2024-01-22,0.051251724733911465,0.051163716198743485,0.05108384850730489,0.04270172921149194,0.03529145878600132,0.03457894363452321,0.03436445790073718,0.03350850234415674
2024-01-23,0.051149380349706154,0.051069838181631806,0.05099837712264642,0.04265383037126691,0.035267346321599474,0.03454761446517128,0.03432987605092605,0.03347005189125748
2024-01-24,0.051256756388455185,0.051168330624377104,0.051088048646772445,0.042704079708721435,0.0352926397056559,0.03458048188240247,0.03436615795097328,0.03351039352295716
2024-01-25,0.05123583426707587,0.05114914277360751,0.05107058283405458,0.04269430339837118,0.0352877265260403,0.03457408445190309,0.03435908889237872,0.03350253030700495
2024-01-26,0.05123865935346487,0.05115173377734302,0.05107294140631916,0.0426956238971036,0.0352883903764149,0.03457494847952708,0.034360043430342865,0.0335035919906832
2024-01-29,0.051268937638298866,0.051179501410984374,0.051098216096612914,0.04270976837378358,0.0352954968566567,0.03458420507885457,0.034370273591668304,0.03351497223350402
2024-01-30,0.051254108168805844,0.05116590200882666,0.05108583808645011,0.042702842665491576,0.0352920182267171,0.0345796723078328,0.034365263195830345,0.03350939816367298
2024-01-31,0.05111280673122733,0.05103628079939126,0.0509678146859036,0.042636671989566464,0.03525868683432547,0.034536399765816794,0.0343175167152671,0.03345631884164294
2024-02-01,0.05094838820996573,0.050885361602458594,0.05083029946282772,0.042559267298084555,0.035219480482636414,0.03448586043852059,0.03426194676401639,0.033394630185369686
2024-02-02,0.05104909231042567,0.05097780925449659,0.05091454899684961,0.042606728681905716,0.0352435476243569,0.03451683897054285,0.03429598414202939,0.03343240414706722
2024-02-05,0.051081261956016935,0.05100733360525931,0.05094144673319907,0.04262185540964608,0.035251199980891115,0.03452671906857352,0.03430685626147456,0.03344447726091013
2024-02-06,0.05104202119984404,0.05097131909169541,0.05090863567879251,0.04260340147002624,0.035241863256561146,0.03451466622340641,0.03429359430830846,0.03342975080406897
2024-02-07,0.05103433101580404,0.05096426051014982,0.050902204238732124,0.042599782040568746,0.03524003047123053,0.03451230283036624,0.034290995218143494,0.03342686532980545
2024-02-08,0.05108267585937022,0.05100863115733784,0.05094262875555639,0.04262251986606806,0.035251535914943725,0.03452715313658444,0.03430733409574041,0.033445007962401324
2024-02-09,0.051071806159134876,0.05099865574609066,0.05093354131854911,0.04261741087309019,0.03524895248404679,0.03452381575817393,0.03430366061257448,0.03344092822752191
2024-02-12,0.0510031245597137,0.05093561485783211,0.05087610130091826,0.04258508469408118,0.03523258292914137,0.034502707759478925,0.03428044792376543,0.03341515798839072
2024-02-13,0.05111625242570209,0.051039442535064046,0.05097069446737418,0.042638289452574925,0.035259503625320446,0.034537456757037115,0.034318681147468444,0.033457612498236006
2024-02-14,0.051183296297056806,0.05110095270180607,0.0510267099855715,0.04266972247572539,0.03527535647310955,0.03455800531572738,0.03434133670339505,0.033482790556838254
2024-02-15,0.0510099321475364,0.05094186411741293,0.0508817961765497,0.042588292220162666,0.03523420897825927,0.034504801511302516,0.03428274882192378,0.033417711661402026
2024-02-16,0.050984291686935565,0.050918325693800996,0.05086034493923264,0.042576207307713075,0.0352280804953668,0.03449691369694269,0.034274082480896376,0.033408094085983185
2024-02-20,0.05088319330437456,0.05082549214516053,0.050775717809855056,0.042528453593476644,0.03520380909975586,0.03446576501968589,0.034239908685180606,0.03337019165950517
2024-02-21,0.05095457903328277,0.05089104592365318,0.05083548086136516,0.04256218974832245,0.03522096491951343,0.034487767031568736,0.03426403936533448,0.03339695148886654
2024-02-22,0.05093370616747285,0.05087188021302651,0.05081801024082198,0.042552333986348924,0.03521595745488832,0.03448133765877278,0.03425698391580527,0.03338912547767089
2024-02-23,0.05091619210916995,0.05085579737492134,0.05080334850666804,0.04254405874275046,0.03521175015332998,0.03447594038614547,0.03425106364975353,0.033382559801305826
2024-02-26,0.05088876730124186,0.05083061143459856,0.050780385606685845,0.04253109077627402,0.03520515174182102,0.03446748436040665,0.034241792963914386,0.03337228059987927
2024-02-27,0.05067921241959921,0.050638073665649624,0.050604744556401134,0.04243160021085792,0.035154318134034815,0.03440268713521595,0.034170943120331074,0.03329380973142931
2024-02-28,0.050844877942764106,0.05079029936052398,0.050743625522084515,0.042510312133013095,0.03519456579492304,0.03445394012132509,0.03422695584945559,0.03335583487496117
2024-02-29,0.050807969821382644,0.050756394084425956,0.050712701852495566,0.04249281451951349,0.03518563878557711,0.03444253922789811,0.03421447807879324,0.03334200947944253
2024-03-01,0.05075635516260943,0.05070897049695261,0.05066943968462827,0.042468307830031866,0.03517311655341957,0.03442657856095802,0.034197027279807654,0.03332268190373009
2024-03-04,0.05062870879067452,0.05059164741239874,0.05056236680675564,0.04240751657769487,0.03514195753679388,0.034387022110957,0.034153864865827166,0.03327491724762603
2024-03-05,0.0502980987307338,0.050287501223212024,0.05028449685497788,0.042248845756684326,0.03505999533805508,0.03428401005037818,0.034042036126258626,0.03315142687346812
2024-03-06,0.05025014137482986,0.050243349918102975,0.050244124580102564,0.04222568383948537,0.035047955747260204,0.034269000634360225,0.03402581025774509,0.03313354026830715
2024-03-07,0.05037915011188115,0.050362101286903736,0.05035269138119257,0.04228790734592782,0.03508025663050214,0.03430933864087564,0.03406945653308817,0.03318167179511223
2024-03-08,0.05016022776288794,0.050160549861562743,0.05016838755316138,0.04218215923321441,0.03502528073787104,0.034240814525289,0.0339953859959488,0.03310002336370719
2024-03-11,0.049787697208267916,0.04981718357298706,0.049853978050009566,0.042000454709268,0.03492991502030679,0.03412340380620116,0.03386929138619818,0.03296140644635846
2024-03-12,0.04982172009233541,0.049848563490988554,0.049882733827067934,0.04201714117997425,0.0349387192687686,0.03413416882186186,0.03388081020493479,0.032974049503298686
2024-03-13,0.04996628311638781,0.0499818504894727,0.05000482506521864,0.04208783689386948,0.03497591669814579,0.0341798152715902,0.03392974752638127,0.03302780717124442
2024-03-14,0.049984611429685015,0.04999874384533421,0.05002029367212952,0.042096776261517296,0.034980608227265814,0.03418559163456658,0.03393595130496552,0.03303462712626722
2024-03-15,0.049977760795457515,0.04999242970053289,0.05001451220024847,0.042093435590227234,0.034978855305285765,0.03418343287130514,0.033933632516664855,0.033032077894997194
2024-03-18,0.05004803290449184,0.050057190658173704,0.050073801203283266,0.04212766788630202,0.034996799690248256,0.03420556065373477,0.03395741702237473,0.03305823375094027
2024-03-19,0.05000124749061693,0.05001407639781218,0.05003433198835405,0.04210488562842188,0.03498486180548434,0.03419083254266213,0.03394158215191111,0.03304081823965813
2024-03-20,0.05008120152579881,0.050087751857784954,0.05010177351917206,0.042143798288612845,0.03500524125267934,0.0342159924879677,0.03396864256291261,0.03307058437023206
2024-03-21,0.05006492928952714,0.05007275929243636,0.05008805152721314,0.04213588704536392,0.035001102159584116,0.03421087572632865,0.03396313547551745,0.03306452486437123
2024-03-22,0.05006537390766502,0.05007316895780481,0.05008842648831476,0.042136103266108914,0.035001215312981795,0.03421101556105775,0.03396328595132926,0.03306469042242027
2024-03-25,0.050166804151887436,0.0501666069408237,0.0501739290122763,0.04218534705344244,0.03502694373829382,0.034242878099477986,0.03399761139241465,0.03310247403138777
2024-03-26,0.05035527388250032,0.050340127954002216,0.05033260744404045,0.04227641146496938,0.03507429932853953,0.0343018823260486,0.03406137931497806,0.03317276020857088
2024-03-27,0.05053120123210974,0.05050198594039443,0.0504804958351345,0.042360902012450186,0.03511797284597586,0.03435672428396995,0.034120888371876615,0.03323846265131891
2024-03-28,0.050517634182001364,0.050489507858041814,0.0504690990027655,0.042354404013403485,0.03511462313212857,0.03435250313137893,0.034116299714982326,0.03323339262665518
2024-04-01,0.050516037984039246,0.0504880397361777,0.05046775804924711,0.042353639312741866,0.035114228828804814,0.03435200641279797,0.03411575984206573,0.03323279616084435
2024-04-02,0.050375333700510914,0.05035858917521534,0.05034948141037927,0.042286070441151284,0.03507930504054779,0.0343081470941037,0.034068165476914394,0.03318024724216405
2024-04-03,0.050322959956595394,0.05031038612491559,0.05030541945966414,0.042260838469241134,0.035066221727285546,0.03429178432664638,0.034050447232445255,0.033160701982285434
2024-04-04,0.050285577892479096,0.05027597487719811,0.05027395794179804,0.04224280213002917,0.035056855676204396,0.03428009297939308,0.034037799937016236,0.03314675634176513
2024-04-05,0.05002615393905035,0.05003702946494229,0.050055345567074874,0.04211701821720728,0.034991221481504894,0.03419867511695503,0.03395001205265792,0.03305008868218647
2024-04-08,0.05013303069425347,0.050135498782550796,0.05014546721515428,0.04216896846988685,0.03501839572015057,0.03423227712116908,0.03398618251240321,0.033089889811772966
2024-04-09,0.04997829462141144,0.04999292172734137,0.05001496272527102,0.04209369593413384,0.034978991926966116,0.03418360110217969,0.033933813205748134,0.03303227653533207
2024-04-10,0.04990060464498787,0.049921304242339634,0.04994937452021013,0.042055759292289864,0.03495905953557748,0.03415909587190892,0.033907515338574945,0.03300337625490526
2024-04-11,0.049713125015892576,0.04974838986685037,0.049790921655626236,0.04196381668957216,0.03491055132818195,0.03409977932945793,0.033844042256064646,0.03293370679637629
2024-04-12,0.049734243877654766,0.04976787427068132,0.049808783250044855,0.04197420153016863,0.0349160443707522,0.03410647388988568,0.033851193080220415,0.03294154971168122
2024-04-15,0.04961506942378065,0.04965790232638082,0.04970794820750183,0.041915507022465257,0.03488495139016734,0.034068653827103834,0.033810837998653004,0.032897308748885315
2024-04-16,0.04957199561844932,0.04961814220506055,0.049671478132033604,0.041894237507697565,0.03487365620464694,0.03405495898286122,0.03379625062817093,0.032881328604626156
2024-04-17,0.04955228313835458,0.049599944015630885,0.049654783428632346,0.041884493858480726,0.03486847692708136,0.03404868713071263,0.033789574512258516,0.03287401716693723
2024-04-18,0.04960320964635024,0.049646955583659044,0.04969790798708932,0.04190965368075926,0.03488184443889562,0.034064884482819455,0.03380682165424512,0.032892908303173395
2024-04-19,0.04944368839006952,0.04949966667743611,0.049562764127299944,0.04183070677876245,0.03483983103677321,0.03401408547148852,0.03375279297654335,0.032833759000534285
2024-04-22,0.049701183191644245,0.04973737155668968,0.04978082027703896,0.04195794137411731,0.034907442014602164,0.03409599240402615,0.0338399986745055,0.032929272529471275
2024-04-23,0.04975331089610809,0.04978546426561567,0.04982490674645939,0.04198357134151532,0.03492099745554651,0.03411251524300621,0.03385764897272529,0.03294863174096832
2024-04-24,0.04974199568968296,0.049775025746061394,0.04981533866683857,0.04197801157882835,0.034918058795392455,0.03410893035746119,0.03385381778305811,0.03294442882686364
2024-04-25,0.04993309119152981,0.04995125416367486,0.04997680586968609,0.04207163441222527,0.03496740645197139,0.0341693482428418,0.033918512300857004,0.03301545895652848
2024-04-26,0.04998728043034401,0.050001203784764095,0.05002254603751103,0.042098077581703135,0.034981290955133235,0.03418643259394817,0.033936854696723334,0.03303562034126388
